"","...1","Country","Year","TaxRev_Income_IPC_1000","TaxRev_Social_SSC_2000","TaxRev_Payroll_PW_3000","TaxRev_Property_4000","TaxRev_ImmovProp_4100","TaxRev_NetWealth_4200","TaxRev_EIG_4300","TaxRev_GoodsServices_5000","TaxRev_Others_6000","TaxRev_TotalofGDP","Wealth_Gini","v2peedueq","v2x_corr","v2x_libdem","Unemployment_rate","GDP_constant_billions","GDP_current_billions"
"1",28,"AUT",2007,29.804,33.395,6.31,1.365,0.544,0,0.135,28.319,0.806,40.548,0.795374915476231,1.643,0.083,0.8,4.909,364.484726093492,389.185571506052
"2",29,"AUT",1996,27.643,34.566,6.575,1.422,0.606,0.053,0.115,29.013,0.782,42.641,0.791440689007366,1.643,0.088,0.78,5.291,274.886456416226,237.250948791266
"3",30,"AUT",2020,27.779,36.809,6.515,1.369,0.537,0,0,27.1,0.429,42.086,0.769174662527575,2.431,0.07,0.756,5.201,386.49230260855,435.049316955737
"4",31,"AUT",2008,30.611,33.034,6.515,1.262,0.535,0,0.112,27.794,0.784,41.391,0.796545303969822,1.643,0.083,0.799,4.198,369.807747327812,432.051935642945
"5",32,"AUT",2021,29.51,35.415,6.455,1.455,0.506,0,0,26.743,0.422,43.284,0.771683779114198,2.015,0.114,0.751,6.459,402.871331324597,479.295362747047
"6",33,"AUT",2013,28.814,33.922,6.871,1.695,0.533,0,0.014,28.024,0.674,42.635,0.777906830426986,1.643,0.059,0.797,5.367,375.650886015,430.190979705962
"7",34,"AUT",2017,28.279,34.863,6.624,1.256,0.521,0,0,28.463,0.515,41.871,0.768791725445425,1.643,0.069,0.771,5.561,398.368950204699,417.261151844977
"8",35,"AUT",2018,29.332,34.806,6.397,1.29,0.496,0,0.005,27.698,0.476,42.261,0.770633939110667,1.643,0.075,0.754,4.933,408.030932405258,454.991174096102
"9",36,"AUT",1995,26.129,35.649,6.884,1.483,0.628,0.08,0.113,29.038,0.818,41.271,0.791217416091717,1.643,0.088,0.774,4.353,268.57616842157,241.038283062645
"10",37,"AUT",2016,27.978,34.711,6.966,1.308,0.516,0,0.002,28.535,0.502,41.753,0.771152215430533,1.643,0.059,0.767,6.064,389.570224508691,395.837353031499
"11",38,"AUT",2004,28.921,33.403,6.273,1.287,0.579,0,0.152,29.232,0.882,41.958,0.793235811243967,1.643,0.119,0.783,5.969,332.200441760824,301.457562038541
"12",39,"AUT",2005,28.333,33.885,6.309,1.32,0.582,0,0.134,29.324,0.829,41.012,0.795812792145064,1.643,0.119,0.784,5.682,339.655236682676,316.092273276015
"13",40,"AUT",2019,29.475,34.908,6.366,1.275,0.49,0,0,27.495,0.481,42.615,0.769897444587315,2.37,0.085,0.773,4.56,413.949540159265,444.596155845254
"14",41,"AUT",2006,28.682,34.029,6.344,1.395,0.567,0,0.122,28.712,0.838,40.408,0.798648209287741,1.643,0.104,0.787,5.32,351.38707065634,336.280064332411
"15",42,"AUT",2010,28.072,34.179,6.897,1.283,0.563,0,0.029,28.665,0.903,40.958,0.794926137774496,1.643,0.083,0.795,4.883,362.424005611476,392.275107258667
"16",43,"AUT",2011,28.289,33.993,6.866,1.236,0.544,0,0.026,28.901,0.715,41.119,0.789395478135418,1.643,0.088,0.792,4.637,373.016924602914,431.685217367511
"17",44,"AUT",2001,31.031,32.456,6.198,1.3,0.563,0,0.171,28.196,0.819,43.886,0.791865079728222,1.643,0.111,0.785,6.4,315.135711888113,197.508773215323
"18",45,"AUT",2012,28.602,33.749,6.88,1.326,0.533,0,0.016,28.722,0.72,41.767,0.784408727451904,1.643,0.083,0.797,4.909,375.555101767152,409.401816050531
"19",46,"AUT",2015,30.172,33.587,6.763,1.324,0.513,0,0.008,27.658,0.497,43.126,0.773780233374339,1.643,0.059,0.795,5.802,381.971148530543,381.971148530543
"20",47,"AUT",2000,28.291,33.778,6.408,1.336,0.583,0.001,0.123,29.335,0.852,42.285,0.792918929004507,1.643,0.097,0.785,4.694,311.192381028414,197.289625479906
"21",48,"AUT",2014,29.338,33.96,6.875,1.399,0.526,0,0.003,27.873,0.556,42.699,0.773569425810763,1.643,0.059,0.796,5.674,378.134963330691,442.584815286034
"22",49,"AUT",2002,29.334,32.925,6.339,1.246,0.574,0,0.153,29.287,0.868,42.697,0.792787158452629,1.643,0.111,0.785,4.86,320.340348097004,214.39486667524
"23",50,"AUT",2003,29.132,33.224,6.365,1.284,0.587,0,0.16,29.173,0.823,42.409,0.795163903293727,1.643,0.1,0.782,4.785,323.356259321687,262.273631180054
"24",51,"AUT",1999,28.199,33.797,6.4,1.329,0.586,0.008,0.136,29.466,0.81,43.09,0.792078598798248,1.643,0.088,0.778,4.707,301.030430129082,217.259147049954
"25",52,"AUT",1997,28.495,33.824,6.419,1.327,0.59,0.027,0.11,29.123,0.813,43.44,0.792080605274149,1.643,0.088,0.78,5.157,280.641477589641,212.790348404555
"26",53,"AUT",2009,27.77,34.422,6.899,1.28,0.565,0,0.098,28.792,0.837,40.98,0.794090509753531,1.643,0.083,0.797,5.371,355.886045571664,401.758735822211
"27",54,"AUT",1998,28.803,33.623,6.367,1.316,0.582,0.008,0.122,28.97,0.92,43.447,0.79289562384246,1.643,0.088,0.778,5.493,290.692443914523,218.259904401956
"28",55,"BEL",1998,38.918,31.458,0,4.667,1.09,0.065,0.863,24.957,0,44.437,0.672642369751362,3.35,0.021,0.811,9.323,340.541460104062,258.528339631029
"29",56,"BEL",1996,37.671,32.538,0,4.109,1.12,0.011,0.841,25.682,0,43.351,0.672758205267325,3.35,0.039,0.814,9.483,321.781927100664,279.201433224756
"30",57,"BEL",1997,38.195,31.789,0,4.39,1.122,0.058,0.773,25.627,0,43.812,0.672857219588527,3.35,0.021,0.814,8.95,333.989231728476,252.708051420839
"31",58,"BEL",2008,35.997,31.63,0.004,7.02,2.821,0.159,1.434,25.311,0.038,43.593,0.673088028605804,3.35,0.021,0.827,6.976,430.025228051015,517.328087920078
"32",59,"BEL",2000,38.624,30.806,0,4.698,1.036,0.082,0.979,25.872,0,43.849,0.672653915368299,3.35,0.021,0.819,6.586,365.711203833047,236.792460312471
"33",60,"BEL",2001,39.163,31.325,0,4.539,1.012,0.083,0.981,24.973,0,43.692,0.672519744410852,3.35,0.021,0.819,6.178,369.732633305117,236.74614160437
"34",61,"BEL",2004,37.96,31.062,0,5.247,1.056,0.117,1.211,25.686,0.045,43.471,0.672554202657228,3.35,0.021,0.796,7.363,393.51548592082,369.214712443206
"35",62,"BEL",2005,36.364,30.677,0.003,6.971,2.85,0.14,1.301,25.933,0.051,43.357,0.672435639128134,3.35,0.021,0.811,8.44,402.651880769961,385.714762230039
"36",63,"BEL",2006,36.114,30.689,0.004,7.273,2.855,0.149,1.388,25.869,0.05,43.218,0.673444145546927,3.35,0.021,0.815,8.246,412.928965821953,408.259840868823
"37",64,"BEL",2003,38.082,31.847,0,4.717,1.112,0.085,1.06,25.301,0.053,43.344,0.672060268282301,3.35,0.021,0.82,7.68,379.946808976211,318.082528506588
"38",65,"BEL",2017,36.521,30.62,0.004,7.897,2.952,0.476,1.6,24.958,0,43.797,0.672242360804198,2.559,0.021,0.83,7.086,475.774660680469,502.764720556354
"39",66,"BEL",2019,35.386,31.104,0.004,8.063,3.029,0.454,1.447,25.442,0,42.389,0.673808850449042,2.559,0.021,0.833,5.36,495.15751802582,535.865804349803
"40",67,"BEL",2009,33.889,33.441,0.004,6.926,3.001,0.141,1.386,25.7,0.04,42.699,0.672226191939647,3.35,0.021,0.829,7.908,421.33552309164,483.254171097812
"41",68,"BEL",1995,38.118,32.772,0,3.82,1.024,0.008,0.763,25.29,0,42.837,0.672550187001903,3.35,0.039,0.81,9.337,317.585194591875,288.025588396278
"42",69,"BEL",2011,34.71,32.365,0.005,7.298,2.967,0.156,1.488,25.596,0.026,43.508,0.672441674710875,3.35,0.021,0.835,7.14,440.747893479883,523.330354138133
"43",70,"BEL",2013,35.446,31.839,0.004,7.803,2.932,0.255,1.75,24.881,0.026,45.033,0.659165657556535,2.559,0.021,0.834,8.425,446.045040873594,521.79101524706
"44",71,"BEL",2014,35.802,31.652,0.004,7.905,2.962,0.346,1.53,24.614,0.024,44.75,0.663271955387771,2.559,0.021,0.833,8.523,453.0860096775,535.390200131018
"45",72,"BEL",1999,37.93,31.464,0,4.661,1.047,0.075,0.884,25.946,0,44.239,0.673190806464172,3.35,0.021,0.815,8.649,352.605970422851,258.245733221468
"46",73,"BEL",2012,34.642,32.17,0.005,7.386,2.862,0.192,1.594,25.771,0.027,44.331,0.663338553347486,3.35,0.021,0.835,7.542,444.005978083203,496.152879924727
"47",74,"BEL",2021,35.704,30.634,0.002,8.425,2.924,0.482,1.715,25.236,0,42.518,0.673916168408802,2.559,0.021,0.82,6.264,501.246968574726,600.748812601541
"48",75,"BEL",2018,36.819,30.271,0.004,7.853,2.82,0.472,1.585,25.054,0,43.824,0.673245905181243,2.559,0.021,0.83,5.948,484.30503958875,543.299066998902
"49",76,"BEL",2015,35.644,31.917,0.005,7.838,2.955,0.359,1.63,24.576,0.021,44.115,0.667971599316697,2.559,0.021,0.832,8.482,462.335574841484,462.335574841484
"50",77,"BEL",2007,35.802,31.107,0.004,7.154,2.811,0.171,1.392,25.892,0.041,42.92,0.674449831012957,3.35,0.021,0.824,7.459,428.111873071133,470.922156309453
"51",78,"BEL",2016,35.533,31.143,0.004,8.026,3.027,0.567,1.573,25.293,0,43.288,0.669659062314796,2.559,0.021,0.832,7.83,468.19191673207,476.062757356927
"52",79,"BEL",2010,34.191,32.44,0.004,7.226,2.975,0.152,1.457,26.116,0.023,42.882,0.672735673281377,3.35,0.021,0.831,8.293,433.403805754258,481.420882905001
"53",80,"BEL",2020,35.586,31.964,0.002,8.035,3.117,0.506,1.526,24.414,0,42.266,0.673318013244884,2.559,0.021,0.818,5.555,469.108374379726,526.264230147394
"54",81,"BEL",2002,38.715,31.672,0,4.49,1.073,0.086,0.977,25.069,0.054,43.913,0.672076281505523,3.35,0.021,0.819,6.91,376.043542626992,258.383599375177
"55",82,"CAN",2013,47.583,15.264,2.108,11.896,9.755,0.07,0.037,23.032,0.118,31.132,0.734473896510877,1.807,0.026,0.739,7.143,1503.26157065963,1846.59742183498
"56",83,"CAN",2010,46.644,14.864,2.083,12.338,10.008,0.295,0.034,23.956,0.115,31.007,0.733528042591274,2.203,0.037,0.757,8.178,1399.83050874717,1617.34336748626
"57",84,"CAN",1996,47.15,14.002,2.174,10.525,8.781,1.059,0,24.968,1.181,34.941,0.728677494874233,2.098,0.043,0.758,9.62,971.253698607852,630.607994132747
"58",85,"CAN",1997,48.847,13.312,2.052,10.254,8.429,1.075,0.001,24.431,1.104,35.791,0.729732603047907,2.203,0.043,0.759,9.101,1012.82497756698,654.986999855554
"59",86,"CAN",2012,47.458,15.073,2.089,11.883,9.781,0.111,0.035,23.376,0.12,31.177,0.732944927835376,2.203,0.037,0.734,7.392,1469.09320156391,1828.3664815216
"60",87,"CAN",2002,45.213,15.216,2.052,10.818,8.878,0.837,0,26.205,0.496,33.081,0.732301011739509,2.203,0.043,0.746,7.665,1220.55231013193,760.649334098005
"61",88,"CAN",2003,45.016,15.464,2.086,10.818,8.889,0.731,0,26.269,0.347,32.7,0.732518856829614,2.203,0.043,0.746,7.574,1242.60018562517,895.540646634787
"62",89,"CAN",2004,46.194,14.939,2.031,10.795,8.786,0.754,0,25.735,0.305,32.713,0.733916011927079,2.203,0.043,0.751,7.185,1281.02590437369,1026.69023827825
"63",90,"CAN",2008,49.391,14.475,2.007,11.516,9.171,0.412,0.034,22.499,0.11,31.235,0.735872236190687,2.203,0.04,0.757,6.284,1398.6329926998,1552.98969072165
"64",91,"CAN",2006,48.439,14.569,1.961,10.589,8.617,0.682,0,24.374,0.068,32.725,0.736540402105192,2.203,0.043,0.759,6.484,1357.03030035829,1319.26480959097
"65",92,"CAN",2009,47.778,15.029,2.054,12.152,9.813,0.386,0.036,22.871,0.116,32.346,0.731897279306352,2.203,0.04,0.755,8.46,1357.86163478853,1374.62514215729
"66",93,"CAN",2020,50.98,14.04,2.243,11.704,9.408,0.06,0.044,20.916,0.117,34.7,0.733779161841994,2.209,0.036,0.741,9.657,1611.12616492014,1655.68473000019
"67",94,"CAN",2001,47.806,14.194,2.009,10.749,8.792,0.934,0,24.722,0.52,34.085,0.732848158610551,2.203,0.043,0.754,7.219,1185.01081001945,738.981792355372
"68",95,"CAN",2011,47.329,14.733,2.115,11.971,9.8,0.173,0.038,23.734,0.117,30.803,0.734193106205623,2.203,0.037,0.741,7.637,1443.74591293341,1793.32663017452
"69",96,"CAN",1995,46.437,13.992,2.242,10.662,9.007,1.005,0.001,25.405,1.263,34.628,0.727998682856878,2.098,0.043,0.753,9.489,955.122057570817,605.961090061207
"70",97,"CAN",2016,48.133,14.696,2.031,12.052,9.692,0.061,0.039,22.978,0.11,33.258,0.732540422032486,1.593,0.026,0.76,7.038,1572.67395308004,1527.99474190743
"71",98,"CAN",2017,48.391,13.994,2.022,11.898,9.455,0.062,0.043,23.581,0.114,33.044,0.735055695730608,2.209,0.026,0.767,6.426,1620.38628437281,1649.26564424409
"72",99,"CAN",2014,48.086,14.969,2.074,11.749,9.664,0.058,0.036,23.006,0.116,31.266,0.7353721211025,1.807,0.026,0.741,7.023,1546.45729238653,1805.74987843994
"73",100,"CAN",2015,48.195,14.752,2.029,11.906,9.59,0.057,0.041,23.004,0.115,32.82,0.736151410061012,1.593,0.026,0.741,6.945,1556.50881621714,1556.50881621714
"74",101,"CAN",2007,48.999,14.38,1.958,10.632,8.693,0.579,0,23.964,0.067,32.495,0.737129869591314,2.203,0.039,0.759,6.156,1384.84812705922,1468.82040778326
"75",102,"CAN",2018,49.256,13.888,1.986,11.501,9.174,0.06,0.045,23.251,0.118,33.482,0.73523509774472,2.209,0.026,0.759,5.837,1664.83288759613,1725.32919278302
"76",103,"CAN",2019,48.967,14.16,2.271,11.694,9.356,0.06,0.045,22.783,0.125,33.082,0.734811457840209,2.209,0.028,0.766,5.69,1696.60508992738,1743.72518367252
"77",104,"CAN",2000,50.052,13.61,2.053,9.522,7.75,1.069,0.001,24.208,0.555,34.673,0.733896116366253,2.203,0.043,0.759,6.829,1163.19967464676,744.773415931587
"78",105,"CAN",2021,50.971,13.966,2.211,11.301,8.705,0.054,0.052,21.442,0.109,33.919,0.735804843251628,2.209,0.036,0.747,7.527,1696.30571072004,2007.47218146415
"79",106,"CAN",1999,49.854,13.384,2.069,10.06,8.293,1.046,0.001,24.067,0.567,35.487,0.73092618562184,2.203,0.043,0.759,7.583,1106.34947342166,678.412196271118
"80",107,"CAN",2005,47.027,14.76,1.988,10.724,8.689,0.744,0,25.182,0.319,32.661,0.73540572423434,2.203,0.043,0.751,6.758,1322.1526563287,1173.10859877868
"81",108,"CAN",1998,48.358,13.879,2.092,10.378,8.586,1.083,0.001,24.746,0.547,35.711,0.730260946218621,2.203,0.043,0.759,8.279,1052.25310469022,634
"82",109,"CHE",1996,43.946,26.475,0,8.342,0.584,4.197,1.012,21.069,0.17,25.425,0.729915127555103,3.246,0.023,0.84,3.684,475.823127148128,340.103959546926
"83",110,"CHE",1997,43.082,26.688,0,8.815,0.6,4.203,0.972,21.236,0.179,25.103,0.729729217623003,3.246,0.023,0.84,4.127,486.583035615464,294.788198856198
"84",111,"CHE",2000,43.789,24.193,0,9.66,0.576,4.122,0.938,22.189,0.169,27.033,0.731090762138194,3.246,0.023,0.839,2.658,529.837997852025,279.216033870204
"85",112,"CHE",2013,45.57,24.862,0,7,0.612,4.311,0.554,22.181,0.386,26.246,0.749314994253893,3.246,0.024,0.867,4.747,667.208623354645,706.234937370968
"86",113,"CHE",1998,43.975,24.882,0,9.595,0.601,4.231,1.145,21.368,0.18,25.829,0.727945612517374,3.246,0.023,0.84,3.568,501.326351582974,303.459014346806
"87",114,"CHE",1995,43.181,26.812,0,8.082,0.58,4.166,1.006,21.749,0.176,24.968,0.726601679706846,3.246,0.023,0.838,3.094,473.591186505167,352.835806342495
"88",115,"CHE",2016,46.548,24.439,0,7.409,0.659,4.765,0.621,21.116,0.488,26.938,0.761481203436205,3.246,0.021,0.86,4.918,708.477337578722,687.895460902713
"89",116,"CHE",2017,47.366,23.776,0,7.554,0.621,4.766,0.605,20.795,0.509,27.716,0.763939811622237,3.246,0.022,0.872,4.797,718.132463597499,695.200833086499
"90",117,"CHE",2018,47.649,23.821,0,7.513,0.624,4.834,0.621,20.484,0.533,27.182,0.763739696842293,3.246,0.022,0.872,4.713,738.674253452249,725.568717468001
"91",118,"CHE",2019,48.176,23.742,0,7.673,0.651,5.012,0.615,19.898,0.512,27.66,0.762021758091947,3.246,0.022,0.87,4.394,747.109782866389,721.369112726724
"92",119,"CHE",2020,46.212,25.157,0,8.09,0.689,5.117,0.647,20.001,0.54,27.991,0.760871649855233,3.246,0.022,0.857,4.817,731.108654673334,741.999406005627
"93",120,"CHE",2021,47.691,24.231,0,7.99,0.678,4.942,0.649,19.581,0.507,28.482,0.762766611174612,3.246,0.021,0.851,5.097,770.529214794414,813.408787222499
"94",121,"CHE",2010,45.667,23.737,0,7.681,0.6,4.407,0.594,22.549,0.366,25.816,0.737706633982725,3.246,0.022,0.855,4.808,636.285784211754,598.85102890658
"95",122,"CHE",2011,45.467,24.575,0,7.358,0.581,4.215,0.51,22.241,0.359,26.18,0.740349696491535,3.246,0.024,0.858,4.409,647.822333890064,715.888126682396
"96",123,"CHE",1999,41.859,25.232,0,9.961,0.612,4.557,1.271,22.772,0.176,26.048,0.731888035493768,3.246,0.023,0.84,3.053,509.661911268691,297.873643323126
"97",124,"CHE",2003,42.88,25.309,0,8.807,0.606,4.625,0.723,22.819,0.185,26.279,0.729980687451274,3.246,0.023,0.845,4.117,537.61817269761,362.07508650776
"98",125,"CHE",2012,45.399,24.89,0,6.879,0.612,4.17,0.527,22.471,0.361,26.093,0.743064947437091,3.246,0.024,0.867,4.491,655.461803595119,686.42022155799
"99",126,"CHE",2014,45.495,24.89,0,7.198,0.599,4.466,0.667,21.986,0.432,26.189,0.75533411325145,3.246,0.024,0.867,4.826,682.887233860616,726.537808338
"100",127,"CHE",2015,46.459,24.506,0,7.29,0.632,4.496,0.597,21.301,0.444,26.956,0.759955079505886,3.246,0.021,0.865,4.801,694.118186379628,694.118186379628
"101",128,"CHE",2007,45.966,23.172,0,8.116,0.595,4.654,0.57,22.581,0.165,25.543,0.738669353447108,3.246,0.023,0.847,3.641,613.559744788948,490.740715594802
"102",129,"CHE",2004,43.355,24.236,0,9.029,0.598,4.678,0.845,23.194,0.185,25.989,0.725727344022175,3.246,0.023,0.845,4.316,552.143052382242,403.912891033374
"103",130,"CHE",2005,44.618,23.828,0,8.482,0.605,4.495,0.659,22.89,0.182,25.951,0.729483488499255,3.246,0.023,0.845,4.437,567.325324289261,418.284865884998
"104",131,"CHE",2006,45.334,23.364,0,8.484,0.575,4.557,0.581,22.643,0.175,25.711,0.731275374438411,3.246,0.023,0.845,3.995,590.436050103238,441.634672196523
"105",132,"CHE",2002,43.201,25.584,0,9.076,0.578,4.572,1.006,21.967,0.172,26.951,0.731970636029189,3.246,0.023,0.84,2.924,537.792409245141,309.301422430386
"106",133,"CHE",2008,46.762,23.115,0,7.682,0.573,4.452,0.541,22.124,0.317,25.922,0.735999070417478,3.246,0.024,0.856,3.35,630.788401993241,567.267767519158
"107",134,"CHE",2009,45.959,24.056,0,7.732,0.591,4.461,0.615,21.881,0.372,26.268,0.736228179295637,3.246,0.024,0.855,4.109,616.296829272353,554.212916092271
"108",135,"CHE",2001,42.165,25.538,0,9.464,0.563,4.547,0.896,22.667,0.165,26.347,0.732051900960812,3.246,0.023,0.839,2.49,538.186453673233,286.582672434226
"109",136,"CZE",1998,23.128,44.3,0,1.574,0.594,0,0.079,30.976,0.023,32.298,0.719305923952874,2.284,0.243,0.818,6.455,119.750353168352,66.807429711411
"110",137,"CZE",2021,20.761,47.345,0,0.563,0.559,0,0,31.321,0.01,34.742,0.73753140868871,2.408,0.183,0.716,2.803,211.013852329895,281.7912185071
"111",138,"CZE",2009,21.227,43.953,0,1.11,0.502,0,0.018,33.692,0.017,32.088,0.723039292156358,2.284,0.258,0.824,6.662,168.780486813354,207.43429680533
"112",139,"CZE",2010,20.199,44.762,0,1.272,0.68,0,0.017,33.755,0.012,32.229,0.725352020132675,2.408,0.233,0.816,7.281,172.89012653082,209.069940963177
"113",140,"CZE",1995,24.99,41.379,0,1.386,0.686,0,0.071,32.145,0.099,34.497,0.719256954127502,2.284,0.243,0.827,4.083,115.863001168759,60.1471740768651
"114",141,"CZE",2016,22.167,42.856,0,1.435,0.65,0,0.001,33.508,0.034,34.031,0.728249408740027,2.408,0.221,0.78,3.952,192.803983942274,196.272068576338
"115",142,"CZE",2017,22.191,43.021,0,1.355,0.613,0,0.001,33.382,0.051,34.438,0.730653402245196,2.408,0.221,0.742,2.893,202.76949031963,218.628940951675
"116",143,"CZE",2018,22.563,43.844,0,1.301,0.574,0,0,32.278,0.014,34.975,0.733551997866812,2.408,0.214,0.725,2.246,209.298846486102,249.000540729179
"117",144,"CZE",1997,23.808,43.571,0,1.548,0.598,0,0.087,31.04,0.033,33.396,0.719256954127502,2.284,0.243,0.826,4.674,120.178870877585,62.1801593761239
"118",145,"CZE",2019,22.778,44.149,0,1.196,0.544,0,0,31.867,0.011,34.778,0.734187728575819,2.408,0.236,0.72,2.015,215.640347578637,252.548179964897
"119",146,"CZE",2020,22.929,45.44,0,0.585,0.585,0,0,31.038,0.009,34.757,0.734032241945101,2.408,0.23,0.728,2.551,203.773728339855,245.974558654043
"120",147,"CZE",2001,23.906,44.065,0,1.483,0.543,0,0.082,30.514,0.032,32.405,0.719330988811265,2.284,0.249,0.81,8.128,130.107668072565,67.8080329795429
"121",148,"CZE",1996,22.574,42.977,0,1.477,0.659,0,0.077,32.911,0.061,33.108,0.719256954127502,2.284,0.243,0.826,3.852,120.80504090655,67.3877886329812
"122",149,"CZE",2007,24.903,43.566,0,1.177,0.389,0,0.035,30.351,0.002,34.102,0.723549734949671,2.284,0.249,0.837,5.316,172.393922455409,190.183800884018
"123",150,"CZE",2008,22.662,44.239,0,1.13,0.386,0,0.019,31.967,0.001,33.298,0.726618049356802,2.284,0.249,0.835,4.393,177.025133390924,236.816485762988
"124",151,"CZE",2006,24.583,43.641,0,1.177,0.42,0,0.067,30.596,0.003,33.842,0.721357616223074,2.284,0.249,0.834,7.141,163.297687890645,156.264095664643
"125",152,"CZE",2002,24.758,44.083,0,1.441,0.511,0,0.084,29.692,0.026,33.275,0.719305923952874,2.284,0.249,0.821,7.281,132.150170232227,82.1960010507474
"126",153,"CZE",2014,21.414,43.814,0,1.368,0.696,0,0,33.397,0.006,32.851,0.72998139093454,2.408,0.225,0.782,6.108,178.419147314396,209.358834156329
"127",154,"CZE",2015,21.517,43.048,0,1.43,0.674,0,0.001,33.979,0.025,33.134,0.727791960564105,2.408,0.221,0.783,5.048,188.033050459881,188.033050459881
"128",155,"CZE",2000,22.79,44.265,0,1.411,0.579,0,0.076,31.488,0.046,32.335,0.719305923952874,2.284,0.249,0.81,8.764,126.265440317089,61.8281664960941
"129",156,"CZE",2013,20.784,43.183,0,1.376,0.705,0,0.015,34.653,0.005,33.71,0.727871607505307,2.408,0.229,0.793,6.953,174.47240205295,211.685616592931
"130",157,"CZE",2003,25.422,43.53,0,1.403,0.503,0,0.089,29.614,0.032,34.099,0.719330988811265,2.284,0.249,0.828,7.777,136.88602063113,100.090467581268
"131",158,"CZE",2004,24.999,42.341,0,1.098,0.466,0,0.058,31.534,0.028,34.495,0.719438986366015,2.284,0.249,0.83,8.298,143.476070938564,119.814434353575
"132",159,"CZE",2011,20.309,43.903,0,1.524,0.632,0,0.328,34.254,0.01,33.025,0.726268129723337,2.408,0.238,0.82,6.712,175.933614512933,229.562733398948
"133",160,"CZE",2005,24.32,42.819,0,1.159,0.444,0,0.065,31.698,0.005,34.234,0.719730453287596,2.284,0.249,0.83,7.927,152.947812388841,137.143471328274
"134",161,"CZE",1999,23.106,43.509,0,1.373,0.572,0,0.072,31.987,0.025,33.122,0.719305923952874,2.284,0.246,0.812,8.702,121.407876416485,65.1731309952212
"135",162,"CZE",2012,20.483,43.652,0,1.503,0.698,0,0.248,34.348,0.014,33.438,0.726943329512153,2.408,0.224,0.827,6.979,174.552528075614,208.857719320649
"136",163,"DEU",2008,31.664,35.981,0,2.334,1.184,-0.001,0.523,30.011,0.011,35.844,0.762161883467741,2.198,0.01,0.866,7.525,3143.03599410402,3745.26409361719
"137",164,"DEU",2000,30.148,39.038,0,2.282,1.154,0.056,0.389,28.51,0.022,36.369,0.732057132120488,2.198,0.01,0.866,7.917,2835.48113999239,1947.98199101177
"138",165,"DEU",2001,28.788,39.757,0,2.287,1.189,0.038,0.402,29.148,0.02,35.127,0.734203316343269,2.198,0.01,0.866,7.89,2883.15886164524,1945.79097380315
"139",166,"DEU",1996,28.618,40.252,0,3.037,1.096,1.136,0.302,28.074,0.018,35.666,0.727753177267871,2.198,0.011,0.862,8.822,2604.1434861481,2497.24460618664
"140",167,"DEU",2007,30.942,36.275,0,2.474,1.212,0.001,0.475,30.298,0.011,35.375,0.759504277405824,2.198,0.01,0.866,8.658,3113.15348342082,3425.57838292158
"141",168,"DEU",2003,27.436,40.509,0,2.356,1.257,0.03,0.439,29.682,0.018,34.745,0.73948360458968,2.198,0.01,0.858,9.779,2857.30544716818,2501.64038848235
"142",169,"DEU",2004,27.067,40.308,0,2.443,1.28,0.01,0.551,30.174,0.008,34.329,0.74369738165359,2.198,0.01,0.858,10.727,2890.88130436169,2814.35386935908
"143",170,"DEU",1995,30.269,38.963,0,2.769,1.021,1.007,0.264,27.981,0.019,36.312,0.72714604966086,2.198,0.011,0.862,8.158,2583.32645025006,2585.79227514672
"144",171,"DEU",1999,29.833,39.271,0,2.476,1.157,0.072,0.409,28.403,0.016,36.253,0.730106263481431,2.198,0.01,0.866,8.854,2755.23484351892,2194.94527887259
"145",172,"DEU",2018,32.748,37.678,0,2.805,1.097,0.093,0.526,26.748,0.021,38.457,0.739549226360353,2.198,0.013,0.833,3.384,3559.04086251265,3974.4433550196
"146",173,"DEU",2019,32.576,37.872,0,2.883,1.076,0.109,0.521,26.645,0.024,38.619,0.739599949225763,2.572,0.013,0.832,3.136,3597.31733749424,3889.1775892549
"147",174,"DEU",2005,27.883,39.554,0,2.442,1.301,0.012,0.52,30.111,0.01,34.419,0.749803839179833,2.198,0.01,0.861,11.167,2912.03408995556,2846.8642111751
"148",175,"DEU",2006,30.061,38.037,0,2.438,1.248,0.003,0.452,29.454,0.01,34.938,0.753431649589743,2.198,0.01,0.866,10.25,3023.17017948512,2994.70364202353
"149",176,"DEU",2010,28.295,38.887,0,2.306,1.242,0,0.483,30.501,0.011,35.531,0.750578149408767,2.198,0.011,0.869,6.967,3087.97159052568,3399.66782000001
"150",177,"DEU",2011,29.226,38.228,0,2.369,1.201,0.076,0.437,30.165,0.012,36.085,0.745608905440662,2.198,0.011,0.869,5.825,3209.18042611817,3749.31499105059
"151",178,"DEU",2012,30.258,37.914,0,2.432,1.189,0.086,0.426,29.384,0.012,36.816,0.739934188477861,2.198,0.011,0.869,5.379,3222.61076899558,3527.14318878516
"152",179,"DEU",2002,27.969,40.274,0,2.285,1.219,0.031,0.398,29.455,0.018,34.559,0.736956826255536,2.198,0.01,0.864,8.482,2877.45096148429,2078.48451747451
"153",180,"DEU",2014,30.913,37.83,0,2.614,1.178,0.064,0.506,28.626,0.016,36.812,0.738570510618771,2.198,0.011,0.848,4.981,3308.22920483904,3889.09305102352
"154",181,"DEU",2016,31.828,37.635,0,2.879,1.154,0.084,0.592,27.639,0.02,37.75,0.738614150427878,2.198,0.011,0.847,4.122,3432.45987645505,3469.85346394553
"155",182,"DEU",2015,31.13,37.637,0,2.874,1.171,0.149,0.557,28.34,0.019,37.3,0.738297045091144,2.198,0.011,0.847,4.624,3357.58571935156,3357.58571935156
"156",183,"DEU",1997,28.153,41.162,0,2.756,1.143,0.613,0.3,27.912,0.018,35.35,0.728216209313715,2.198,0.011,0.862,9.861,2650.81392542806,2211.98962327995
"157",184,"DEU",1998,29.375,40.463,0,2.375,1.159,0.076,0.344,27.77,0.017,35.539,0.728824889019222,2.198,0.01,0.863,9.787,2704.19953614672,2238.99077470268
"158",185,"DEU",2017,32.524,37.894,0,2.779,1.133,0.085,0.496,26.782,0.02,37.733,0.738844696472114,2.198,0.011,0.843,3.746,3524.45773404138,3690.84915251765
"159",186,"DEU",2020,31.337,39.679,0,3.286,1.137,0.117,0.671,25.682,0.016,37.931,0.739610121080588,2.572,0.016,0.828,3.856,3459.65632300082,3887.72716191441
"160",187,"DEU",2013,30.795,37.768,0,2.513,1.191,0.067,0.446,28.912,0.012,36.954,0.737970707951234,2.198,0.011,0.856,5.231,3236.7126334549,3733.80464954903
"161",188,"DEU",2021,32.639,37.573,0,3.152,1.054,0.124,0.687,26.618,0.018,39.316,0.739620282932222,2.572,0.016,0.823,3.638,3569.11361967071,4278.50393468985
"162",189,"DEU",2009,28.588,38.416,0,2.268,1.219,0.001,0.507,30.716,0.011,36.682,0.756967865886566,2.198,0.011,0.866,7.742,2964.07666860551,3411.26121265234
"163",190,"DNK",2006,60.917,0.214,0.41,3.939,2.337,0,0.451,34.495,0.024,46.462,0.691339723399608,3.053,0.002,0.896,3.897,291.913222677846,282.884947702966
"164",191,"DNK",1995,63.104,0.117,0.469,3.579,2.142,0.193,0.492,32.732,0,46.499,0.726110161983001,3.053,0.002,0.882,6.992,226.658693444805,185.006881515065
"165",192,"DNK",2010,61.548,0.224,0.513,4.137,2.981,0,0.449,33.553,0.025,44.756,0.714197895431738,3.053,0.002,0.898,7.747,283.894168259757,321.995279401502
"166",193,"DNK",1997,62.216,0.189,0.605,3.475,2.104,0,0.402,33.484,0.031,46.727,0.748628814207478,3.053,0.002,0.882,5.4,240.837461729208,173.537647058824
"167",194,"DNK",1999,59.956,1.35,0.652,3.693,2.153,0,0.401,34.296,0.052,47.875,0.745708348466877,3.053,0.002,0.881,5.142,253.437048662499,177.965188354692
"168",195,"DNK",1996,62.595,0.137,0.449,3.427,2.029,0.135,0.449,33.392,0,46.713,0.726937084484746,3.053,0.002,0.882,6.844,233.232021689227,187.632346387983
"169",196,"DNK",2003,61.105,0.251,0.443,3.894,2.521,0,0.416,34.281,0.027,45.583,0.711618913332501,3.053,0.002,0.883,4.19,267.372454034624,218.096033517009
"170",197,"DNK",2004,61.349,0.238,0.414,3.864,2.449,0,0.46,34.106,0.03,46.393,0.704500615879084,3.053,0.002,0.883,5.204,274.506537368942,251.373002954382
"171",198,"DNK",1998,60.531,0.179,0.839,3.733,2.066,0,0.386,34.665,0.054,47.298,0.748686084687648,3.053,0.002,0.881,5.039,246.179618941138,176.991934992837
"172",199,"DNK",2019,64.76,0.091,0.603,4.275,2.821,0,0.789,30.244,0.027,46.896,0.704124818586763,3.053,0.002,0.888,5.018,332.602543274049,346.498737961635
"173",200,"DNK",2017,63.482,0.106,0.551,3.936,2.854,0,0.438,31.898,0.027,45.476,0.705684331735029,3.053,0.002,0.892,5.833,321.315569939823,332.121063806391
"174",201,"DNK",2020,64.722,0.124,0.383,4.162,2.88,0,0.61,30.584,0.024,47.252,0.704335933920078,3.053,0.002,0.882,5.637,324.53855244296,354.762748338661
"175",202,"DNK",2005,61.998,0.224,0.382,3.844,2.294,0,0.414,33.525,0.027,48.004,0.697484494125831,3.053,0.002,0.895,4.83,280.920770514868,264.46733645717
"176",203,"DNK",2009,61.409,0.131,0.536,4.064,2.914,0,0.473,33.835,0.024,44.963,0.718174064192723,3.053,0.002,0.898,6.409,278.680088475415,321.241303699006
"177",204,"DNK",2002,60.651,0.252,0.522,3.699,2.436,0,0.397,34.835,0.041,45.405,0.727152861052602,3.053,0.002,0.883,4.274,266.333597050533,178.635163717431
"178",205,"DNK",2013,62.775,0.183,0.692,3.952,2.978,0,0.445,32.381,0.017,45.888,0.702116342037044,3.053,0.002,0.897,7.384,291.032020819874,343.584391647927
"179",206,"DNK",2007,60.102,0.159,0.492,3.909,2.353,0,0.482,35.314,0.024,46.425,0.69325859059019,3.053,0.002,0.896,3.801,294.567411335295,319.423424509066
"180",207,"DNK",2008,60.765,0.135,0.521,4.261,2.665,0,0.589,34.291,0.027,44.765,0.688652049638051,3.053,0.002,0.898,3.683,293.05917686439,353.361038818383
"181",208,"DNK",2016,62.903,0.125,0.616,4.035,2.965,0,0.442,32.293,0.029,45.494,0.704502787981454,3.053,0.002,0.895,5.989,312.497708532463,313.115929314339
"182",209,"DNK",2012,61.947,0.211,0.643,3.916,2.878,0,0.469,33.26,0.022,45.512,0.698963645643971,3.053,0.002,0.898,7.798,288.340817827024,327.148943812137
"183",210,"DNK",2014,65.359,0.151,0.66,3.774,2.824,0,0.4,30.033,0.023,48.531,0.705168984221615,3.053,0.002,0.897,6.925,295.744975353148,352.993631617708
"184",211,"DNK",2015,63.401,0.147,0.628,4.176,2.995,0,0.552,31.613,0.034,46.057,0.703467045572836,3.053,0.002,0.898,6.278,302.673070846857,302.673070846857
"185",212,"DNK",2021,66.414,0.127,0.547,3.895,2.681,0,0.506,28.994,0.023,47.425,0.706487943340875,3.053,0.002,0.885,5.043,346.751664744814,405.687998852691
"186",213,"DNK",2011,61.255,0.247,0.56,4.22,3.024,0,0.579,33.697,0.021,44.793,0.715347306910886,3.053,0.002,0.898,7.769,287.689202382588,344.003137611271
"187",214,"DNK",2018,62.072,0.107,0.634,4.141,2.971,0,0.484,33.02,0.027,44.175,0.705887965299496,3.053,0.002,0.892,5.131,327.708263102566,356.841216410068
"188",215,"DNK",2000,61.423,1.359,0.363,3.334,2.181,0,0.46,33.458,0.063,46.875,0.727457086276189,3.053,0.002,0.881,4.476,262.932986641725,164.158739097623
"189",216,"DNK",2001,60.409,1.385,0.546,3.551,2.327,0,0.43,34.067,0.043,45.919,0.719962696588112,3.053,0.002,0.882,4.164,265.097327404035,164.791442543375
"190",217,"ESP",1995,29.091,35.977,0,5.696,1.912,0.528,0.593,29.231,0.006,31.307,0.703698947444174,2.695,0.042,0.823,22.675,794.552137824609,614.609020549773
"191",218,"ESP",1998,28.911,34.477,0,5.988,1.919,0.592,0.589,30.623,0.001,32.762,0.697823953409184,2.695,0.042,0.822,18.673,883.053543058203,619.214834614099
"192",219,"ESP",2011,28.711,37.942,0,6.274,3.069,0.201,0.668,27.071,0.003,31.19,0.693470359532313,2.4,0.045,0.821,21.391,1187.3862718793,1480.71049571012
"193",220,"ESP",1999,28.059,34.715,0,6.193,1.903,0.62,0.59,31.033,0.001,33.136,0.710137899083165,2.695,0.042,0.822,15.475,922.70753376914,634.907542858302
"194",221,"ESP",2010,27.952,37.917,0,6.609,2.881,0.205,0.719,27.519,0.002,31.282,0.688420223809871,2.4,0.042,0.824,19.86,1197.13556164922,1422.10819978334
"195",222,"ESP",2002,29.219,35.166,0,6.697,1.83,0.57,0.603,28.918,0.001,33.244,0.680010881210137,2.695,0.042,0.812,11.146,1036.86975313711,708.756677088629
"196",223,"ESP",2003,27.896,35.493,0,7.435,1.85,0.549,0.647,29.175,0.001,33.095,0.679081238624875,2.695,0.042,0.793,11.283,1067.78854886016,907.491523174116
"197",224,"ESP",2004,28.225,34.629,0,8.039,1.856,0.519,0.674,29.106,0.002,34.042,0.667483608947492,2.695,0.042,0.804,11.09,1101.13273976211,1069.05567527375
"198",225,"ESP",2001,28.142,35.684,0,6.286,1.874,0.617,0.604,29.888,0,32.796,0.681562320016667,2.695,0.042,0.812,10.348,1009.30612439531,627.830029412205
"199",226,"ESP",2006,30.549,32.722,0,8.934,1.853,0.56,0.728,27.792,0.002,35.999,0.669793907934967,2.695,0.042,0.805,8.452,1188.17291651875,1260.39897783176
"200",227,"ESP",2007,33.214,32.45,0,8.205,1.859,0.633,0.741,26.129,0.003,36.414,0.689407457149798,2.695,0.042,0.806,8.232,1231.00344263555,1474.00257982
"201",228,"ESP",2008,30.445,37.052,0,7.188,2.231,0.811,0.817,25.313,0.002,32.103,0.679180233044271,2.695,0.042,0.82,11.255,1241.92326850508,1631.86349355234
"202",229,"ESP",2005,29.371,33.371,0,8.56,1.85,0.525,0.74,28.696,0.002,35.243,0.663380017217946,2.695,0.042,0.807,9.146,1141.34703448281,1153.71582271751
"203",230,"ESP",1996,29.119,35.615,0,5.66,1.871,0.522,0.628,29.602,0.005,31.11,0.694467699310024,2.695,0.042,0.822,22.142,815.691686929687,642.588992512807
"204",231,"ESP",1997,29.237,35.133,0,6.265,1.903,0.557,0.645,29.355,0.01,31.949,0.694610896385342,2.695,0.042,0.822,20.698,845.8926278125,590.077272727273
"205",232,"ESP",2012,29.687,36.105,0,6.558,3.356,0.434,0.685,27.645,0.004,32.368,0.703624875922685,2.18,0.05,0.805,24.788,1152.25243668476,1324.750738725
"206",233,"ESP",2009,29.728,40.499,0,6.845,2.793,0.197,0.838,22.926,0.003,29.679,0.694485052073489,2.695,0.042,0.823,17.857,1195.18836652617,1491.47292370664
"207",234,"ESP",2000,28.09,34.88,0,6.458,1.863,0.66,0.644,30.571,0.001,33.05,0.697416655929572,2.695,0.042,0.815,13.785,971.112252648437,598.363313494903
"208",235,"ESP",2013,28.904,34.59,0,7.177,3.501,0.606,0.738,29.307,0.022,33.105,0.706972834260966,2.035,0.059,0.782,26.094,1136.0823958168,1355.57953591255
"209",236,"ESP",2014,28.611,34.341,0,7.427,3.543,0.537,0.767,29.567,0.055,33.872,0.714701797707932,2.035,0.059,0.782,24.442,1151.93955404961,1371.82053788862
"210",237,"ESP",2015,28.146,33.683,0,7.638,3.461,0.522,0.765,30.481,0.052,33.827,0.70559941263889,2.035,0.059,0.763,22.058,1196.15697127969,1196.15697127969
"211",238,"ESP",2016,28.092,33.961,0,7.651,3.435,0.536,0.719,30.252,0.045,33.58,0.70535698251166,2.035,0.069,0.769,19.635,1232.49351844766,1233.55496701168
"212",239,"ESP",2017,28.411,34.083,0,7.485,3.351,0.532,0.689,29.99,0.031,33.852,0.705244677130338,1.877,0.058,0.758,17.224,1269.16957656016,1313.24533019765
"213",240,"ESP",2018,29.261,33.875,0,7.325,3.219,0.532,0.644,29.492,0.047,34.645,0.704644220198574,2.162,0.041,0.777,15.255,1298.16336741797,1421.70271521804
"214",241,"ESP",2019,28.637,35.329,0,7.08,3.124,0.519,0.582,28.919,0.035,34.663,0.70379419305408,1.77,0.037,0.805,14.104,1323.91849014805,1394.32005512941
"215",242,"ESP",2020,29.053,37.429,0,6.736,3.218,0.559,0.605,26.754,0.029,36.844,0.703801701440327,2.278,0.037,0.793,15.532,1176.07256893359,1278.12886787549
"216",243,"ESP",2021,29.826,35.475,0,7.215,2.967,0.509,0.766,27.445,0.038,37.796,0.703809225039109,1.712,0.042,0.779,14.781,1251.37853735898,1445.65165360463
"217",271,"FIN",2013,34.725,28.901,0,2.93,1.537,0,0.728,33.371,0.072,43.406,0.733485970233666,3.529,0.014,0.848,8.193,234.120534076562,271.362405890589
"218",272,"FIN",1998,39.36,27.261,0,2.391,0.852,0.107,0.526,30.892,0.096,44.792,0.737213038230616,3.529,0.018,0.83,13.215,177.615261582812,134.038718291055
"219",273,"FIN",2010,35.516,29.677,0,2.735,1.532,0,0.507,31.982,0.09,40.562,0.746773254163294,3.529,0.018,0.84,8.394,233.646772072266,249.424310816667
"220",274,"FIN",2012,34.247,29.625,0,2.769,1.489,0,0.597,33.271,0.088,42.415,0.734747329959959,3.529,0.018,0.844,7.689,236.250798826562,258.290060227734
"221",275,"FIN",2008,38.916,27.981,0,2.566,1.145,0,0.816,30.446,0.091,41.09,0.741274832747143,3.529,0.018,0.84,6.369,246.321847334766,285.716311136719
"222",276,"FIN",2002,40.533,26.515,0,2.398,0.987,0.176,0.703,30.452,0.101,43.275,0.745991997604079,3.529,0.018,0.828,10.423,204.650762188672,140.404460203138
"223",277,"FIN",2003,38.69,26.7,0,2.347,1.029,0.154,0.64,32.174,0.089,42.338,0.755525879677892,3.529,0.018,0.833,10.469,208.751521832422,171.652458349411
"224",278,"FIN",2004,38.526,26.801,0,2.568,1.032,0.177,0.712,32.021,0.084,41.748,0.764361802608078,3.529,0.018,0.834,10.358,217.085073153906,197.479443979151
"225",279,"FIN",1997,38.294,27.642,0,2.326,0.88,0.104,0.492,31.628,0.11,44.938,0.726594740336685,3.529,0.018,0.83,14.968,168.424056796875,126.912152101707
"226",280,"FIN",2007,39.198,27.611,0,2.598,1.104,0,0.593,30.503,0.089,41.4,0.753352247194965,3.529,0.018,0.84,6.854,244.405718572656,256.378067752158
"227",281,"FIN",2009,35.768,29.763,0,2.568,1.314,0,0.594,31.808,0.093,40.773,0.738871107836864,3.529,0.018,0.84,8.25,226.432719257422,253.497520828515
"228",282,"FIN",2020,35.099,27.433,0,3.583,1.958,0,0.8,33.812,0.073,41.846,0.75201439416287,1.807,0.013,0.835,7.759,248.745023487891,271.886077382102
"229",283,"FIN",2006,38.004,27.866,0,2.527,1.079,0,0.694,31.523,0.08,42.085,0.765074337545574,3.529,0.018,0.841,7.719,232.105658667187,217.089269791764
"230",284,"FIN",1995,36.145,30.825,0,2.221,1.006,0.08,0.381,30.604,0.205,44.5,0.733105432115412,3.529,0.018,0.83,19.78,152.788801142187,134.189814814815
"231",285,"FIN",1996,38.678,28.92,0,2.253,0.93,0.101,0.47,29.947,0.202,45.69,0.730611694225336,3.529,0.018,0.83,15.572,158.391841239844,132.12917421693
"232",286,"FIN",2016,34.625,29.049,0,3.223,1.756,0,0.549,32.998,0.104,43.727,0.747724870315906,3.529,0.015,0.822,8.818,241.12821749375,240.771351298833
"233",287,"FIN",2011,35.449,28.732,0,2.584,1.449,0,0.477,33.148,0.088,41.794,0.745171668950142,3.529,0.018,0.842,7.781,239.599308730469,275.604356167316
"234",288,"FIN",2001,40.833,26.913,0,2.325,0.97,0.204,0.617,29.835,0.093,43.115,0.735147474288228,3.529,0.018,0.828,10.291,201.215710279297,129.533107311811
"235",289,"FIN",2015,35.185,28.954,0,3.279,1.742,0,0.686,32.494,0.088,43.524,0.73790334486354,3.529,0.015,0.823,9.376,234.534382384766,234.534382384766
"236",290,"FIN",2000,43.101,25.236,0,2.431,0.913,0.287,0.589,29.184,0.048,45.759,0.739136091320153,3.529,0.018,0.828,12.49,196.097527314844,126.019543413334
"237",291,"FIN",2017,35.474,27.839,0,3.567,1.829,0,0.937,33.058,0.063,42.857,0.753665488639868,3.529,0.015,0.827,8.64,248.826017928906,255.647979916471
"238",292,"FIN",2018,34.868,27.938,0,3.384,1.832,0,0.699,33.765,0.044,42.387,0.753556486837695,2.263,0.024,0.837,7.361,251.661932877344,275.708001767843
"239",293,"FIN",2019,34.967,27.894,0,3.428,1.844,0,0.738,33.662,0.05,42.291,0.752193675509616,1.807,0.013,0.833,6.695,254.7441596875,268.514916972549
"240",294,"FIN",2005,38.219,27.27,0,2.736,1.047,0.186,0.702,31.677,0.098,42.037,0.762527766804154,3.529,0.018,0.834,8.384,223.119713766016,204.885494686381
"241",295,"FIN",2021,36.113,27.869,0,3.497,1.81,0,0.763,32.421,0.1,43.166,0.753492191740577,1.807,0.013,0.828,7.606,255.804854010937,296.470417085267
"242",296,"FIN",2014,34.966,28.892,0,3.02,1.679,0,0.554,33.037,0.084,43.513,0.732323181188988,3.529,0.014,0.848,8.663,233.266209150781,274.862826772156
"243",297,"FIN",1999,38.821,27.491,0,2.38,0.929,0.153,0.571,31.247,0.061,44.262,0.738529744464533,3.529,0.018,0.829,11.693,185.394056458984,135.264083658688
"244",298,"FRA",2018,25.102,34.914,3.29,8.696,5.497,0.169,1.319,26.913,1.084,45.878,0.720841797669841,2.009,0.061,0.803,9.018,2569.45809720224,2790.95687874666
"245",299,"FRA",2004,23.302,36.959,2.586,7.465,4.637,0.356,1.187,26.133,3.556,42.413,0.704235192805129,2.495,0.061,0.804,8.914,2188.39329310935,2119.63318163437
"246",300,"FRA",2005,23.46,36.849,2.672,7.71,4.754,0.401,1.183,25.898,3.411,42.904,0.699192295089354,2.495,0.061,0.804,8.882,2224.79108760791,2196.9452324358
"247",301,"FRA",2020,26.173,32.686,4.126,8.741,5.233,0.19,1.43,27.082,1.192,45.361,0.721153517741115,1.791,0.057,0.794,8.01,2419.4928088734,2647.41869159845
"248",303,"FRA",2010,22.564,38.214,3.185,8.387,5.659,0.527,0.914,26.557,1.093,42.145,0.725336740758522,2.495,0.061,0.816,9.279,2317.56753698914,2645.18788211667
"249",304,"FRA",2011,23.19,37.451,3.101,8.402,5.581,0.479,0.965,26.488,1.369,43.334,0.718393828784414,2.495,0.061,0.818,9.228,2368.38485503517,2865.15754199417
"250",305,"FRA",2012,23.902,37.073,3.189,8.5,5.632,0.539,1.03,26.231,1.106,44.36,0.712945282451663,2.495,0.061,0.823,9.841,2375.80109105554,2683.67171696719
"251",306,"FRA",2017,23.606,36.327,3.36,9.219,5.755,0.475,1.345,26.438,1.049,46.068,0.72067735168747,2.495,0.053,0.822,9.41,2522.41342033378,2595.15104519765
"252",307,"FRA",2014,23.739,37.212,3.505,8.572,5.679,0.546,1.054,25.878,1.094,45.449,0.721293499570251,2.495,0.053,0.823,10.273,2412.34139804684,2855.96448859019
"253",308,"FRA",2015,23.378,36.923,3.454,8.956,5.769,0.521,1.228,26.149,1.141,45.281,0.721216396573929,2.495,0.053,0.823,10.354,2439.1886431625,2439.1886431625
"254",309,"FRA",2019,25.666,33.034,3.962,8.66,5.262,0.187,1.391,27.558,1.119,44.885,0.721146535818541,1.791,0.064,0.804,8.415,2616.81248571801,2728.87024670588
"255",310,"FRA",2021,26.576,32.806,4.08,8.471,4.522,0.184,1.646,27.108,0.959,45.168,0.7211605014339,1.791,0.057,0.791,7.874,2575.19224289061,2959.3558191705
"256",312,"FRA",2003,23.127,37.613,2.496,7.184,4.603,0.341,1.066,26.093,3.487,42.239,0.708416261281869,2.495,0.061,0.804,8.307,2128.17130332576,1844.54479203686
"257",313,"FRA",1995,16.181,42.554,2.478,6.656,4.471,0.252,0.82,28.285,3.846,42.452,0.684438810838394,2.495,0.061,0.799,11.834,1771.13380194767,1601.09475620975
"258",315,"FRA",2009,20.632,39.189,3.176,8.002,5.608,0.442,0.922,25.597,3.405,41.528,0.710549554985739,2.495,0.061,0.816,9.122,2273.25190900652,2700.88736693203
"259",316,"FRA",2008,24.062,37.154,2.875,7.663,4.94,0.489,0.93,25.081,3.165,42.332,0.704498198234525,2.495,0.061,0.816,7.386,2340.50187297904,2930.30378082812
"260",317,"FRA",2000,24.837,35.849,2.315,6.855,4.257,0.378,1.071,26.395,3.748,43.43,0.72639504530747,2.495,0.061,0.803,10.218,2046.49957126118,1365.63966079216
"261",318,"FRA",1996,16.779,41.583,2.475,6.73,4.589,0.25,0.884,28.507,3.926,43.559,0.7034095058277,2.495,0.061,0.803,12.367,1796.1598105007,1605.67508654956
"262",319,"FRA",1997,18.091,40.335,2.551,7.097,4.626,0.272,1.073,28.007,3.918,43.776,0.712730129098745,2.495,0.061,0.803,12.566,1838.12342981553,1452.88491795909
"263",320,"FRA",2013,24.383,36.88,3.478,8.455,5.679,0.452,1.081,25.696,1.107,45.367,0.718707015176058,2.495,0.053,0.826,9.913,2389.49346648281,2811.87690332903
"264",322,"FRA",2016,23.314,36.76,3.415,9.06,5.866,0.474,1.223,26.406,1.045,45.374,0.721000559379881,2.495,0.053,0.823,10.057,2465.90908648794,2472.96434458717
"265",323,"FRA",2001,25.288,36.123,2.287,6.828,4.274,0.4,1.098,25.844,3.63,43.101,0.721099932485842,2.495,0.061,0.803,8.61,2087.09642158852,1377.65733929134
"266",324,"FRA",2002,23.842,36.913,2.453,6.997,4.463,0.365,1.058,26.282,3.512,42.404,0.711861721944004,2.495,0.061,0.804,8.702,2110.7960585184,1501.40938297138
"267",325,"FRA",1998,23.038,35.895,2.379,7.096,4.62,0.29,0.947,27.569,4.023,43.537,0.721718358642249,2.495,0.061,0.803,12.074,1904.08741952925,1503.10873915944
"268",326,"FRA",1999,23.843,35.712,2.35,7.108,4.541,0.314,1.054,27.158,3.829,44.248,0.723534493562738,2.495,0.061,0.803,11.981,1969.23336760774,1493.15173769846
"269",328,"FRA",2006,24.117,36.877,2.636,7.794,4.773,0.455,1.039,25.348,3.229,43.273,0.702654750833034,2.495,0.061,0.804,8.833,2279.28342079228,2320.5362213047
"270",329,"FRA",2007,23.796,36.962,2.755,7.896,4.828,0.528,1.072,25.297,3.293,42.545,0.70744947352015,2.495,0.061,0.809,8.009,2334.55003198542,2660.59124621177
"271",330,"GBR",2013,35.126,18.572,0,12.257,9.639,0,0.592,34.044,0,32.049,0.731029502881796,1.817,0.045,0.802,7.525,2775.61336297968,2784.85350253429
"272",331,"GBR",1997,36.931,17.798,0,10.425,8.727,0,0.563,34.847,0,29.806,0.730832514014047,1.996,0.033,0.754,7.072,2061.37390056185,1560.91191879502
"273",332,"GBR",2014,34.702,18.46,0,12.619,9.564,0,0.657,34.218,0,31.732,0.738802981982914,1.817,0.045,0.801,6.11,2864.31592814717,3064.70824792143
"274",333,"GBR",1995,36.918,17.787,0,10.029,8.683,0,0.577,35.265,0,29.258,0.690380673413589,1.996,0.033,0.761,8.694,1915.16780781451,1344.24017673978
"275",334,"GBR",1996,36.598,17.562,0,10.28,8.813,0,0.612,35.561,0,29.056,0.710408216406428,1.996,0.033,0.761,8.189,1964.6178720833,1419.64586583463
"276",335,"GBR",2017,35.236,19.106,0.27,12.529,9.196,0,0.788,32.859,0,32.746,0.732724029583963,1.574,0.043,0.808,4.33,3063.38964906374,2680.1480523353
"277",336,"GBR",2018,35.07,19.16,0.369,12.545,9.395,0,0.75,32.857,0,32.751,0.727507473029206,1.574,0.043,0.813,3.996,3106.39327051714,2871.34034758179
"278",337,"GBR",2019,34.38,19.792,0.38,12.419,9.452,0,0.71,33.029,0,32.494,0.726584638924535,1.735,0.046,0.795,3.737,3157.38816403392,2851.40716490781
"279",338,"GBR",2020,35.962,20.771,0.419,11.536,8.836,0,0.76,31.311,0,32.774,0.726008125047301,1.572,0.049,0.808,9.68067407277678,2830.28588177611,2697.80659229386
"280",339,"GBR",2021,37.641,19.887,0.403,11.476,8.275,0,0.765,30.592,0,34.39,0.726983320158794,1.868,0.059,0.787,9.95017358743491,3075.81046818432,3141.5061566187
"281",340,"GBR",2008,39.072,19.172,0,11.716,9.229,0,0.635,30.04,0,32.158,0.695955193500609,1.996,0.045,0.81,5.615,2723.2163911818,2929.41176470588
"282",341,"GBR",2009,38.312,19.595,0,12.119,10.139,0,0.498,29.975,0,31.059,0.715100875765572,1.996,0.045,0.81,7.537,2597.54111475289,2412.8400062315
"283",342,"GBR",2010,37.341,18.857,0,11.965,9.691,0,0.512,31.837,0,32.017,0.713631706717379,1.937,0.045,0.808,7.787,2655.69197244751,2485.48259618471
"284",343,"GBR",2011,36.225,18.543,0,11.59,9.439,0,0.537,33.641,0,32.871,0.726410892020425,1.937,0.045,0.81,8.038,2686.10234214787,2663.80583482807
"285",344,"GBR",2012,35.203,18.926,0,11.851,9.665,0,0.568,34.02,0,32.172,0.723206470963603,1.817,0.045,0.806,7.885,2726.74137160603,2707.08972661464
"286",345,"GBR",2004,37.158,18.662,0,11.871,9.102,0,0.676,32.309,0,32.077,0.703111755842386,1.996,0.045,0.803,4.594,2528.44642468821,2421.5250823874
"287",346,"GBR",2001,39.403,17.117,0,11.455,8.814,0,0.65,32.025,0,32.2,0.71479188181948,1.996,0.045,0.802,4.696,2351.1105500451,1649.82726356701
"288",347,"GBR",2002,38.117,16.947,0,11.932,9.309,0,0.636,33.004,0,31.402,0.717383866768984,1.996,0.045,0.803,5.037,2393.24211291988,1785.72991606715
"289",348,"GBR",2003,36.515,18.243,0,11.872,9.405,0,0.616,33.371,0,31.132,0.709284300119279,1.996,0.045,0.803,4.807,2468.54721178095,2054.42285714286
"290",349,"GBR",2016,35.187,18.843,0,12.547,9.288,0,0.742,33.423,0,32.371,0.729419312962136,1.817,0.045,0.793,4.81,2984.15817062673,2689.10656689961
"291",350,"GBR",2005,38.969,18.579,0,11.843,8.97,0,0.693,30.609,0,32.479,0.704128787246823,1.996,0.045,0.805,4.751,2597.69658752487,2543.18
"292",351,"GBR",2006,39.264,18.53,0,12.344,8.899,0,0.74,29.862,0,32.812,0.706866917118816,1.996,0.045,0.809,5.35,2659.68478132653,2708.44158233671
"293",352,"GBR",2007,39.504,18.29,0,12.439,8.809,0,0.759,29.766,0,32.968,0.702269600375701,1.996,0.045,0.81,5.262,2729.37733206338,3090.51020408163
"294",353,"GBR",1999,38.436,17.066,0,10.824,8.433,0,0.587,33.674,0,31.843,0.713860931172071,1.996,0.036,0.783,6.042,2197.11812439341,1687.83044814755
"295",354,"GBR",2000,39.568,16.766,0,11.446,8.501,0,0.616,32.221,0,32.637,0.718968073387948,1.996,0.036,0.797,5.558,2292.00565933047,1665.53487668331
"296",355,"GBR",1998,38.891,16.977,0,10.427,8.425,0,0.575,33.705,0,31.232,0.72977309865211,1.996,0.036,0.76,6.198,2131.75476863416,1653.69493209672
"297",356,"GBR",2015,34.741,18.646,0,12.477,9.475,0,0.725,34.136,0,31.875,0.725938237000975,1.817,0.045,0.795,5.301,2927.91114091673,2927.91114091673
"298",357,"GRC",2004,23.59,34.514,0,5.946,0.881,1.562,0.393,35.951,0,30.466,0.699228442461518,2.531,0.255,0.8,10.628,242.306465817462,240.963562236127
"299",358,"GRC",2003,23.029,34.944,0,6.056,0.875,1.47,0.442,35.971,0,31.493,0.69731576094425,2.531,0.255,0.8,9.839,230.63409174912,202.370140236265
"300",359,"GRC",1999,25.317,30.161,0,7.513,0.801,1.574,0.686,37.009,0,31.817,0.703517682745996,2.531,0.255,0.797,12.138,193.851146493275,142.588875293749
"301",360,"GRC",2005,25.354,33.597,0,6.034,0.792,1.688,0.406,35.016,0,31.874,0.702266513188277,2.531,0.255,0.8,10.074,243.758225711407,247.875422204414
"302",361,"GRC",2007,23.214,33.707,0,6.633,0.958,1.633,0.281,36.445,0,31.797,0.701964728522086,2.531,0.255,0.796,8.351,265.967590445396,318.902829550733
"303",362,"GRC",2002,24.026,33.457,0,5.956,0.836,1.401,0.624,36.561,0,33.147,0.700530534957949,2.531,0.255,0.8,10.346,218.001902488381,154.564203586954
"304",363,"GRC",2017,22.406,29.837,0,7.985,5.247,1.676,0.221,39.772,0,39.366,0.836372158440014,2.531,0.178,0.759,21.414,196.856953384064,199.844406013531
"305",364,"GRC",2000,26.82,30.256,0,7.691,0.788,1.512,0.788,35.233,0,33.424,0.703945795930252,2.531,0.255,0.798,11.345,201.449666605466,130.457756628436
"306",365,"GRC",1998,25.036,30.819,0,6.404,0.776,1.628,0.797,37.742,0,30.755,0.700183576012435,2.531,0.255,0.797,12.227,188.072438329159,144.428172489335
"307",366,"GRC",2016,23.06,28.487,0,8.101,5.418,1.687,0.17,40.353,0,38.853,0.829919317992093,2.531,0.17,0.761,23.514,194.730209118466,193.148146586933
"308",367,"GRC",2011,21.468,31.785,0,7.364,3.624,1.8,0.177,39.383,0,34.258,0.77434683136741,2.531,0.241,0.811,17.973,215.444010389589,282.995942006557
"309",368,"GRC",2014,23.628,28.852,0,7.973,5.166,1.564,0.172,39.547,0,36.325,0.851410355372906,2.531,0.195,0.796,26.708,196.067992081695,235.458133124608
"310",369,"GRC",2006,23.801,33.04,0,6.714,0.985,1.65,0.356,36.445,0,31.05,0.702150853991554,2.531,0.255,0.795,8.906,257.536497407645,273.546728473073
"311",370,"GRC",2010,22.03,34.176,0,5.166,0.764,1.757,0.228,38.628,0,32.31,0.749199343580472,2.531,0.258,0.806,12.719,239.780041723274,297.124961971501
"312",371,"GRC",1995,20.707,31.77,0,5.97,0.805,1.537,1.04,41.554,0,28.313,0.706575638837421,2.531,0.267,0.794,10.117,168.432067479945,136.878365936167
"313",372,"GRC",2012,23.703,30.572,0,7.555,4.11,1.785,0.134,38.169,0,36.345,0.808150464801855,2.531,0.241,0.801,24.731,200.176146628861,242.029307133408
"314",373,"GRC",1997,21.607,31.357,0,6.656,0.838,1.654,0.779,40.38,0,29.561,0.701207943585246,2.531,0.267,0.797,10.472,181.02181121554,143.157600149757
"315",374,"GRC",2001,24.4,31.918,0,6.767,0.802,1.5,0.739,36.915,0,31.937,0.704830449715899,2.531,0.255,0.8,11.02,209.772785177239,136.30929522534
"316",375,"GRC",1996,19.864,31.829,0,6.327,0.88,1.647,0.829,41.98,0,28.455,0.711526187658023,2.531,0.267,0.797,10.402,173.252810009654,145.861612400906
"317",376,"GRC",2020,20.405,33.231,0,7.846,4.773,1.807,0.263,38.518,0,38.846,0.849876223802468,2.54,0.23,0.704,15.899,184.906515414099,188.480337285605
"318",377,"GRC",2013,21.708,29.978,0,8.826,4.057,1.679,0.153,39.487,0,35.89,0.831236831045487,2.531,0.195,0.791,27.686,195.13972034078,238.90769005113
"319",378,"GRC",2015,22.61,29.154,0,8.399,5.568,1.679,0.208,39.837,0,36.577,0.840353895590255,2.531,0.17,0.771,24.981,195.683527003375,195.683527003375
"320",379,"GRC",2019,21.609,30.751,0,7.739,4.515,1.648,0.337,39.901,0,39.48,0.852324962988405,2.83,0.215,0.748,17.045,203.903008195061,205.252760889364
"321",380,"GRC",2021,20.672,32.75,0,7.398,4.468,1.618,0.277,39.179,0,39.357,0.853751196901442,2.54,0.194,0.655,14.657,200.401577457978,214.667807441202
"322",381,"GRC",2009,24.461,33.061,0,6.469,1.086,1.771,0.219,36.009,0,30.752,0.692965935840263,2.531,0.253,0.803,9.546,253.675921785919,331.308500253274
"323",382,"GRC",2018,22.916,29.843,0,7.731,5.003,1.636,0.188,39.51,0,40.022,0.85314750299878,2.531,0.207,0.755,19.179,200.14137116633,212.049447242111
"324",383,"GRC",2008,22.911,33.766,0,6.787,1.024,1.641,0.235,36.537,0,31.803,0.704132991394886,2.531,0.263,0.806,7.664,265.076140108782,355.908689477445
"325",384,"HUN",2017,19.273,32.466,2.29,2.753,1.468,0.347,0.063,42.995,0.223,37.818,0.790879782478186,1.081,0.484,0.443,4.156,133.394359768376,143.112196040326
"326",385,"HUN",2015,17.944,32.793,1.788,3.235,1.486,1.003,0.055,43.91,0.331,38.666,0.756463457517413,1.129,0.475,0.482,6.813,125.174166987372,125.174166987372
"327",386,"HUN",2018,18.245,31.637,2.57,2.618,1.373,0.267,0.053,44.787,0.144,36.79,0.790077523879233,0.754,0.485,0.381,3.709,140.547430034099,160.565642983587
"328",387,"HUN",2020,18.168,30.785,2.877,2.912,1.289,0.62,0.054,45.13,0.128,35.984,0.790598481446409,0.744,0.503,0.356,4.25,140.699299222253,157.227094449074
"329",388,"HUN",2016,18.991,33.734,1.913,2.774,1.488,0.424,0.059,42.318,0.27,39.038,0.776237215337034,1.081,0.478,0.473,5.115,127.929252772234,128.609822750039
"330",389,"HUN",2000,24.304,29.357,3.574,1.734,0.6,0,0.106,40.554,0.477,38.521,0.745120748945709,1.465,0.284,0.756,6.563,91.5688865420243,47.2184058924258
"331",390,"HUN",2011,16.823,34.748,1.237,3.055,0.987,1.341,0.063,43.756,0.382,36.373,0.747804547369746,1.238,0.415,0.647,11.029,115.188393760125,141.942264554475
"332",391,"HUN",2014,17.744,33.063,1.759,3.317,1.519,1.098,0.049,43.791,0.327,38.362,0.747882103547497,1.129,0.469,0.521,7.725,120.699456740623,141.033843265669
"333",392,"HUN",2021,16.154,31.011,3.211,2.589,1.266,0.281,0.049,47.148,-0.113,33.742,0.790606705079426,0.779,0.507,0.35,4.045,150.668858797312,182.090041757269
"334",393,"HUN",2005,23.611,32.683,1.034,2.273,0.715,0,0.19,39.973,0.426,36.395,0.74867317930147,1.348,0.287,0.765,7.189,113.768132959824,113.211158292936
"335",394,"HUN",2001,25.671,29.711,3.434,1.836,0.618,0,0.115,38.787,0.562,37.6,0.746132100597031,1.465,0.284,0.756,5.671,95.2994835903448,53.7499890920197
"336",395,"HUN",2019,17.597,32.039,2.859,2.579,1.279,0.259,0.066,44.729,0.196,36.306,0.790590248555077,0.754,0.485,0.368,3.419,147.383974295866,164.020460331659
"337",396,"HUN",1999,23.426,30.239,3.646,1.658,0.52,0,0.11,40.39,0.642,38.23,0.745232850634224,1.465,0.279,0.756,6.929,87.6431779331084,49.0733801737159
"338",397,"HUN",2009,24.406,32.459,0.867,2.094,0.85,0,0.09,39.801,0.373,38.735,0.748592793949655,1.348,0.288,0.77,10.03,111.873380290514,131.069255620567
"339",398,"HUN",2010,20.687,31.413,1.123,3.083,0.914,1.34,0.062,43.312,0.383,36.826,0.749154250179245,1.238,0.375,0.676,11.172,113.077422068682,132.175349953713
"340",399,"HUN",1995,20.954,35.638,0.275,1.218,0.255,0,0.115,40.633,1.282,40.77,0.744849221616768,1.635,0.254,0.762,10.168,79.2807782839448,46.4256777341435
"341",400,"HUN",2004,23.54,31.81,0.915,2.258,0.666,0,0.163,40.955,0.523,36.916,0.746606357896695,1.348,0.287,0.771,5.832,109.08377292295,104.120820258669
"342",401,"HUN",2012,17.406,33.947,1.386,3.113,1.126,1.229,0.05,43.848,0.299,38.901,0.746827285063944,1.238,0.436,0.625,11.003,113.748278485318,128.814279315132
"343",402,"HUN",2013,17.217,33.416,1.769,3.332,1.63,1.102,0.045,43.943,0.321,38.444,0.748680501857223,1.129,0.463,0.575,10.177,115.798616344321,135.684315697713
"344",403,"HUN",1998,22.343,33.515,2.641,1.566,0.465,0,0.106,38.987,0.949,37.461,0.745033971413179,1.465,0.254,0.759,8.925,85.0318276605837,48.7067873062574
"345",404,"HUN",1996,22,34.302,0.279,1.517,0.412,0,0.101,40.682,1.22,39.421,0.744861494133872,1.635,0.254,0.762,10.022,79.3461161876974,46.6587551516017
"346",405,"HUN",2002,26.317,32.646,1.082,1.84,0.61,0,0.135,37.481,0.634,37.389,0.747282908812217,1.465,0.284,0.761,5.608,99.8179051846813,67.6089191443684
"347",406,"HUN",2003,24.683,32.465,0.843,2.154,0.648,0,0.121,39.318,0.537,37.193,0.74726230100103,1.348,0.287,0.771,5.79,103.884735932983,85.2850628180077
"348",407,"HUN",2008,25.824,33.477,0.784,2.154,0.762,0,0.105,37.27,0.491,39.333,0.749953786722678,1.348,0.299,0.771,7.817,119.776044677938,158.325614580628
"349",408,"HUN",2007,25.145,33.689,0.813,2.007,0.714,0,0.13,37.948,0.398,39.232,0.751195816880362,1.348,0.299,0.772,7.406,118.585513679933,140.186716681425
"350",409,"HUN",1997,21.726,33.835,2.457,1.536,0.443,0,0.11,39.312,1.134,37.743,0.744990725689519,1.635,0.254,0.761,8.991,81.8400615753627,47.2969529287561
"351",410,"HUN",2006,24.508,33.214,0.731,2.236,0.715,0,0.177,38.653,0.658,36.347,0.750726213950287,1.348,0.287,0.742,7.494,118.257499574879,115.715618613052
"352",411,"IRL",2003,42.436,12.947,0.614,6.537,2.014,0,0.515,37.466,0,28.526,0.878324088998738,2.365,0.067,0.815,4.478,183.265864279064,164.670771259602
"353",412,"IRL",2004,42.42,12.929,0.61,6.807,1.895,0,0.412,37.234,0,29.575,0.877844596174739,2.365,0.067,0.815,4.491,195.706207665885,194.372115041065
"354",413,"IRL",2008,40.682,15.326,0.76,6.116,2.342,0,0.64,37.117,0,29.093,0.874403273436087,2.365,0.065,0.826,6.774,218.538508412316,275.447471451063
"355",414,"IRL",2013,41.389,17.238,0.611,7.057,3.351,1.042,0.541,33.66,0.045,28.702,0.875819000237897,2.213,0.037,0.826,13.735,215.822430841682,238.112475390796
"356",415,"IRL",2014,41.081,16.813,0.603,7.57,3.383,1.326,0.64,33.897,0.037,28.662,0.92501959874204,2.213,0.037,0.827,11.858,234.877390513928,259.681883575706
"357",416,"IRL",2012,42.2,16.952,0.598,6.228,2.994,0.978,0.571,34.002,0.019,28.179,0.874712705920217,2.213,0.043,0.827,15.451,213.316781266858,225.118718207156
"358",417,"IRL",2001,42.993,13.133,0.582,5.86,1.881,0,0.484,37.432,0,28.654,0.876780736973174,2.365,0.067,0.816,3.684,167.993566904825,109.346669229695
"359",418,"IRL",2002,42.129,13.286,0.635,5.379,1.971,0,0.4,38.57,0,27.872,0.877092140716556,2.365,0.067,0.816,4.216,177.904121044861,128.596035288401
"360",419,"IRL",2007,41.725,13.396,0.675,7.878,2.028,0,0.667,36.326,0,30.847,0.878509586313598,2.365,0.067,0.822,4.98,228.797971071066,270.0792794195
"361",420,"IRL",2020,49.077,16.594,0.968,4.981,1.64,0,0.682,28.369,0.012,19.729,0.875760394106919,2.424,0.041,0.824,5.623,396.047264524218,428.608687830239
"362",421,"IRL",2009,40.182,18.539,0.773,5.173,2.778,0,0.542,35.324,0.008,28.067,0.873214349526179,2.365,0.056,0.826,12.609,207.402259848826,236.443115853695
"363",422,"IRL",2005,41.407,12.776,0.65,7.352,1.995,0,0.498,37.815,0,30.042,0.879695528114183,2.365,0.067,0.815,4.343,206.939316704726,211.876989655907
"364",423,"IRL",2011,40.683,18.491,0.666,5.956,2.809,0.963,0.507,34.185,0.02,27.803,0.876226528698368,2.365,0.047,0.826,15.354,213.593795569286,239.170638711314
"365",424,"IRL",1996,41.194,12.558,1.083,4.66,2.314,0,0.535,39.368,0,32.311,0.871677802292552,2.365,0.079,0.794,11.692,109.25151420455,75.7907862903226
"366",425,"IRL",1997,42.392,12.215,1.107,4.848,2.118,0,0.515,39.438,0,31.356,0.873376069218757,2.365,0.079,0.809,10.192,121.292958859855,82.8566487583572
"367",426,"IRL",1998,42.432,11.661,1.147,5.08,1.994,0,0.573,39.681,0,30.797,0.876905110078781,2.365,0.073,0.812,7.699,131.925647231344,90.1994101155097
"368",427,"IRL",2015,43.679,16.419,0.586,6.434,3.061,0.278,0.658,32.863,0.019,23.111,0.914712432115635,2.213,0.037,0.826,9.908,292.364226871756,292.364226871756
"369",428,"IRL",2016,43.846,16.497,0.613,6.039,2.857,0.001,0.646,32.986,0.019,23.586,0.912699851320724,2.213,0.037,0.82,8.374,297.526083592123,298.559265006398
"370",429,"IRL",2000,43.615,11.888,0.044,5.702,1.761,0,0.675,38.752,0,30.751,0.87912895209989,2.365,0.067,0.816,4.318,159.529230641846,100.207610429909
"371",430,"IRL",2017,44.138,16.551,0.643,5.743,2.767,0,0.668,32.913,0.013,22.469,0.903694736252191,2.424,0.033,0.825,6.713,325.229508739113,337.241811320896
"372",431,"IRL",2018,45.672,16.61,0.776,5.924,2.633,0,0.711,31.005,0.013,22.251,0.876083455683698,2.424,0.033,0.822,5.741,352.777409026172,386.693357874056
"373",432,"IRL",2019,45.612,16.816,0.993,5.688,2.479,0,0.681,30.884,0.007,21.877,0.876711104558154,2.424,0.041,0.827,4.95,371.466596693279,398.933010007356
"374",433,"IRL",1999,43.478,11.666,0.339,5.484,1.891,0,0.671,39.033,0,30.835,0.876438235566184,2.365,0.067,0.812,5.804,145.817267874002,98.8939582626438
"375",434,"IRL",2006,42.312,12.336,0.633,8.579,1.815,0,0.543,36.139,0,31.426,0.880604438442219,2.365,0.067,0.815,4.415,217.261147302084,232.180617162279
"376",435,"IRL",2010,40.123,18.229,0.668,5.15,2.85,0,0.507,35.817,0.013,27.719,0.87442462877911,2.365,0.055,0.826,14.534,210.892781855168,221.913560882367
"377",436,"IRL",1995,40.359,13.555,1.2,4.473,2.433,0,0.435,40.413,0,31.772,0.873226503359504,2.365,0.096,0.791,11.97,101.743244089909,69.1398232323232
"378",437,"IRL",2021,49.804,15.161,0.888,5.391,1.857,0,0.648,28.745,0.011,20.694,0.875862642929661,2.424,0.041,0.832,6.194,455.950283775422,513.39177888286
"379",438,"ITA",2018,31.048,31.066,0,5.965,2.97,0.042,0.111,28.682,3.24,41.731,0.753175694543216,2.266,0.197,0.792,10.61,1908.93368196496,2091.93242626698
"380",439,"ITA",2011,31.933,30.828,0,5.258,1.435,0.745,0.074,27.18,4.8,41.637,0.761131082641704,2.266,0.217,0.786,8.359,1913.76738582426,2294.9942965895
"381",440,"ITA",2012,32.627,29.767,0,6.16,3.379,0.11,0.084,26.761,4.685,43.617,0.775873881059141,2.266,0.217,0.796,10.655,1856.71978342957,2086.9576568216
"382",441,"ITA",2010,32.675,31.123,0,4.828,1.438,0.315,0.072,26.62,4.753,41.701,0.750491500356052,2.266,0.248,0.778,8.363,1900.32574810562,2136.09995523667
"383",442,"ITA",2002,32.46,29.353,0,5.153,1.986,0.002,0.13,27.215,5.819,39.619,0.723024435639353,2.266,0.265,0.758,9.211,1882.84470680609,1276.7693384493
"384",443,"ITA",2003,30.953,29.496,0,7.777,1.98,0.001,0.061,25.976,5.798,39.953,0.718236124730428,2.266,0.265,0.761,8.869,1885.45483588129,1577.62170705051
"385",444,"ITA",2013,33.006,29.776,0,6.208,2.935,0.36,0.088,26.486,4.524,43.828,0.76927707837983,2.266,0.198,0.793,12.149,1822.53635697715,2141.92409429856
"386",445,"ITA",2017,31.819,30.312,0,5.972,3.007,0.049,0.112,28.84,3.057,41.912,0.753262916406925,2.266,0.197,0.796,11.211,1891.42268381738,1961.79619735436
"387",446,"ITA",2005,31.562,30.754,0,5.007,2.012,0,0.01,26.729,5.948,39.047,0.709872651526815,2.266,0.265,0.767,7.731,1927.93575448625,1858.21714720373
"388",447,"ITA",2006,32.937,29.517,0,5.03,1.924,0,0.007,26.544,5.973,40.464,0.708262299875592,2.266,0.225,0.786,6.777,1962.45813712676,1949.55171938964
"389",448,"ITA",2016,31.871,30.135,0,6.546,3.044,0.055,0.103,28.631,2.817,42.242,0.752143440204776,2.266,0.206,0.797,11.688,1860.39393536687,1877.07168763378
"390",449,"ITA",2021,31.844,31.18,0,5.838,2.9,0.075,0.111,28.205,2.933,42.359,0.75286807625335,2.266,0.139,0.768,9.497,1891.17825812758,2155.36029899803
"391",450,"ITA",1996,34.632,34.074,0.151,5.365,1.864,0.981,0.167,25.779,0,40.154,0.624162651538519,2.266,0.238,0.759,11.864,1684.62723321113,1312.42652779521
"392",451,"ITA",1997,35.312,33.625,0.129,5.067,1.897,0.762,0.162,25.867,0,41.574,0.632269113771148,2.266,0.238,0.765,11.985,1715.45948692871,1241.87960436562
"393",452,"ITA",1998,32.718,29.261,0.134,4.799,1.932,0.474,0.179,27.77,5.318,39.92,0.640879228958262,2.266,0.238,0.765,12.117,1746.5198564966,1270.0525259284
"394",453,"ITA",1999,33.969,28.523,0.039,4.557,1.832,0.112,0.214,27.786,5.127,40.793,0.642711545845252,2.266,0.238,0.765,11.681,1774.91351183187,1252.44665983379
"395",454,"ITA",2000,33.177,28.549,0,4.643,1.859,0.003,0.2,28.196,5.435,40.523,0.646298198480366,2.266,0.243,0.763,10.834,1842.12869035625,1146.67689420973
"396",455,"ITA",2001,34.126,28.517,0,4.409,1.853,0.003,0.184,27.108,5.841,40.135,0.684508021949959,2.266,0.265,0.75,9.599,1878.07546564574,1168.02342605638
"397",456,"ITA",2014,31.938,29.741,0,6.646,3.574,0.118,0.088,27.367,4.308,43.325,0.765896751132672,2.266,0.201,0.794,12.683,1822.45347636422,2162.00961599654
"398",457,"ITA",2015,31.772,30.146,0,6.505,3.594,0.032,0.095,27.629,3.948,42.958,0.754267953914706,2.266,0.201,0.794,11.896,1836.63771106055,1836.63771106055
"399",458,"ITA",1995,35.291,31.474,0.299,5.647,1.96,1.183,0.155,27.289,0,38.455,0.616014013068359,2.266,0.275,0.753,11.661,1663.55358917176,1174.66207060502
"400",459,"ITA",2004,31.453,30.154,0,6.137,2.028,0,0.025,26.693,5.563,39.225,0.714488760491619,2.266,0.265,0.761,7.866,1912.29606078,1806.54296854556
"401",460,"ITA",2009,32.553,31.366,0,6.191,1.429,0.993,0.07,25.109,4.781,41.97,0.731107612650604,2.266,0.269,0.777,7.749,1868.31596835723,2199.92880411863
"402",461,"ITA",2020,32.797,31.783,0,5.718,3.008,0.06,0.056,26.958,2.744,42.565,0.752858515642515,2.266,0.167,0.774,9.164,1746.01846762133,1897.46163559191
"403",462,"ITA",2019,31.582,31.244,0,5.694,2.897,0.03,0.105,28.284,3.197,42.272,0.752848964118073,2.266,0.197,0.781,9.952,1918.15761738117,2011.30219882745
"404",463,"ITA",2008,34.219,31.038,0,4.293,1.421,0,0.057,25.108,5.342,41.596,0.715564077990663,2.266,0.269,0.774,6.723,1972.48147658066,2408.65534871859
"405",464,"ITA",2007,33.746,29.913,0,4.864,1.904,0,0.022,25.607,5.871,41.564,0.712843508197295,2.266,0.225,0.79,6.076,1991.641321835,2213.10248275146
"406",465,"JPN",2003,30.538,38.558,0,10.33,7.898,0,1.136,20.308,0.266,24.136,0.736918517067281,3.446,0.107,0.763,5.251,4065.2917295116,4519.56164525353
"407",466,"JPN",1997,37.01,34.28,0,11.23,7.456,0,1.728,17.232,0.248,25.736,0.729549700490452,3.446,0.11,0.758,3.374,3942.58307073174,4492.44860563894
"408",467,"JPN",2001,33.386,36.497,0,10.513,7.81,0,1.243,19.346,0.257,25.534,0.733405773955155,3.446,0.107,0.763,5.02,4002.14854421345,4374.71169409087
"409",468,"JPN",2000,34.791,35.21,0,10.492,7.644,0,1.308,19.251,0.255,25.341,0.732986732508635,3.446,0.107,0.762,4.748,3986.75554446421,4968.35907595659
"410",469,"JPN",2014,31.831,39.68,0,8.481,6.384,0,1.2,19.754,0.254,29.973,0.737728064242006,3.446,0.096,0.749,3.589,4376.62782963751,4896.99440535329
"411",470,"JPN",1998,33.601,35.478,0,11.024,7.803,0,1.419,19.641,0.255,25.259,0.730090744296149,3.446,0.107,0.758,4.078,3892.49923570773,4098.36270953124
"412",471,"JPN",1999,32.046,35.952,0,11.243,8.182,0,1.433,20.5,0.259,24.802,0.730890760247206,3.446,0.107,0.758,4.677,3879.50101465461,4635.98222406388
"413",472,"JPN",2002,30.587,38.237,0,10.788,8.183,0,1.133,20.116,0.272,24.504,0.73478553954979,3.446,0.107,0.763,5.386,4003.8279457688,4182.84604587361
"414",473,"JPN",2020,30.416,40.357,0,8.08,6.045,0,1.305,20.896,0.251,32.966,0.737957635445113,3.446,0.088,0.74,2.809,4375.04425227451,5055.58709350159
"415",474,"JPN",2015,31.167,39.42,0,8.194,6.118,0,1.204,20.966,0.253,30.242,0.738013193034121,3.446,0.075,0.749,3.385,4444.93065196418,4444.93065196418
"416",475,"JPN",2016,30.58,40.384,0,8.348,6.162,0,1.292,20.435,0.253,30.279,0.738010408663811,3.446,0.088,0.749,3.132,4478.43772805555,5003.67762754424
"417",476,"JPN",1995,38.227,33.571,0,12.151,7.698,0,2.016,15.805,0.247,25.401,0.729182491595111,3.446,0.11,0.759,3.15,3785.63626336436,5545.5636638897
"418",477,"JPN",1996,38.113,33.836,0,11.795,7.67,0,1.773,16.011,0.245,25.343,0.730202736656253,3.446,0.11,0.759,3.383,3904.27322011503,4923.39153385163
"419",478,"JPN",2007,36.358,36.462,0,8.983,6.803,0,1.027,17.953,0.243,27.159,0.740243852987973,3.446,0.107,0.768,3.888,4350.7586024096,4579.75092035481
"420",479,"JPN",2008,33.555,38.842,0,9.391,7.25,0,1.042,17.949,0.263,27.049,0.739356612714786,3.446,0.107,0.769,4.002,4297.49274339206,5106.6791151273
"421",480,"JPN",2009,29.541,40.96,0,10.136,7.927,0,1.057,19.071,0.292,25.686,0.736826595844406,3.446,0.107,0.775,5.068,4052.8263240075,5289.49311799389
"422",481,"JPN",2010,30.218,41.107,0,9.721,7.718,0,0.944,18.667,0.288,26.241,0.73756170245295,3.446,0.107,0.774,5.103,4218.90782017717,5759.07176901311
"423",482,"JPN",2011,30.154,41.515,0,9.656,7.546,0,1.087,18.402,0.273,27.132,0.737381704853021,3.446,0.107,0.774,4.55,4219.91232203765,6233.14717234135
"424",483,"JPN",2012,31.055,41.611,0,9.109,7.019,0,1.077,17.948,0.277,27.952,0.737480584389843,3.446,0.107,0.772,4.358,4277.9256088506,6272.36299610503
"425",484,"JPN",2013,32.468,40.848,0,8.838,6.75,0,1.075,17.584,0.262,28.557,0.738013193034121,3.446,0.096,0.754,4.038,4363.70230279586,5212.32818116618
"426",485,"JPN",2005,33.804,36.862,0,9.661,7.334,0,1.135,19.418,0.255,25.827,0.739616739141482,3.446,0.107,0.763,4.446,4229.10070543547,4831.4670353898
"427",486,"JPN",2017,30.65,39.938,0,8.191,6.009,0,1.334,20.972,0.249,30.916,0.7378351566026,3.446,0.088,0.748,2.822,4553.46641729221,4930.83736915142
"428",487,"JPN",2021,31.934,39.176,0,7.865,5.671,0,1.474,20.761,0.264,34.075,0.738585460713949,3.446,0.059,0.739,2.828,4487.01564527313,5034.62078458498
"429",488,"JPN",2004,31.986,37.743,0,9.993,7.676,0,1.103,20.017,0.262,24.76,0.739499500183271,3.446,0.107,0.761,4.734,4154.16371003448,4893.11600565656
"430",489,"JPN",2019,30.777,41.068,0,8.174,6.049,0,1.311,19.722,0.259,31.508,0.737957635445113,3.446,0.088,0.754,2.351,4564.33255009445,5117.99385301651
"431",490,"JPN",2006,35.4,36.629,0,9.083,6.83,0,1.062,18.637,0.25,26.618,0.73999053019341,3.446,0.107,0.768,4.192,4287.13877436371,4601.66312264992
"432",491,"JPN",2018,31.945,40.207,0,8.086,5.916,0,1.329,19.51,0.253,31.544,0.737839943876466,3.446,0.088,0.762,2.467,4582.76301147735,5040.88093932486
"433",492,"LVA",1999,24.519,34.09,0,3.306,2.896,0,0,38.085,0,30.252,0.79280272989619,2.224,0.322,0.7,13.79,15.0673869860336,7.53378813355753
"434",493,"LVA",2000,24.08,33.534,0,3.786,3.153,0,0,38.6,0,29.05,0.792873819298279,2.224,0.305,0.705,14.211,15.922572893818,7.95885283893395
"435",494,"LVA",2002,26.601,32.448,0,3.544,2.84,0,0,37.407,0,27.815,0.794190062116474,2.224,0.18,0.71,13.829,18.1294184425547,9.55703160527512
"436",495,"LVA",2003,25.458,30.687,0.294,3.736,2.814,0,0.001,39.825,0,27.411,0.794991225577125,2.224,0.175,0.716,12.061,19.6564343768445,11.7719751568073
"437",496,"LVA",2004,26.631,29.989,0.156,3.708,2.643,0,0.002,39.516,0,27.548,0.795998841569974,2.224,0.177,0.715,11.708,21.2848020946672,14.435700533368
"438",497,"LVA",2001,26.119,32.421,0,3.775,3.121,0,0,37.685,0,28.121,0.791974440977313,2.224,0.305,0.705,13.821,16.9294380898539,8.36239870158943
"439",498,"LVA",2006,26.88,28.015,0.081,3.454,1.922,0,0.003,41.571,0,28.577,0.791651100535999,2.224,0.209,0.701,7.03,26.3879666926328,21.5700764986205
"440",499,"LVA",2007,29.006,27.711,0.057,3.049,1.65,0,0.054,40.177,0,28.195,0.795928426912276,2.224,0.174,0.672,6.052,29.0114376603379,31.0543509779784
"441",500,"LVA",2008,32.035,28.413,0.055,2.267,1.474,0,0.063,37.229,0,27.815,0.794942843638941,2.224,0.171,0.674,7.739,28.0688210272594,35.8542742289139
"442",501,"LVA",2005,26.102,28.396,0.117,3.562,2.307,0,0.003,41.824,0,27.805,0.797659919689382,2.224,0.178,0.712,10.033,23.5666107723461,17.0034598630989
"443",502,"LVA",2010,25.024,30.098,0.055,3.043,2.472,0,0.066,41.781,0,28.54,0.792450457294176,2.224,0.135,0.692,19.482,22.9938835467441,23.9561630765575
"444",503,"LVA",2011,24.684,30.625,0.052,3.428,2.723,0,0.065,41.211,0,29.134,0.794030952547343,2.224,0.135,0.715,16.206,23.5856799703973,27.474380566265
"445",504,"LVA",2012,25.258,29.812,0.046,3.31,2.617,0,0.064,41.574,0,29.111,0.794933149793479,2.224,0.133,0.725,15.047,25.2466418484078,28.1699026693784
"446",505,"LVA",2013,25.236,28.874,0.045,3.298,2.58,0,0.073,42.547,0,29.43,0.795049433797926,2.003,0.101,0.74,11.867,25.7535860547246,30.2047834618488
"447",506,"LVA",2014,25.084,28.236,0.043,3.521,2.724,0,0.084,43.115,0,29.715,0.793250461943975,2.104,0.098,0.748,10.846,26.2434637337578,31.3868964870407
"448",507,"LVA",2015,25.044,27.731,0.041,3.401,2.692,0,0.097,43.783,0,29.79,0.774128326247947,2.104,0.098,0.754,9.873,27.2630905470617,27.2630905470617
"449",508,"LVA",2016,25.799,26.51,0.039,3.479,2.82,0,0.104,44.173,0,30.73,0.75340106352472,1.701,0.129,0.737,9.643,27.9088481301504,28.0835975124841
"450",509,"LVA",2017,26.276,26.93,0.037,3.343,2.72,0,0.107,43.415,0,31.091,0.735118141612503,1.701,0.149,0.733,8.715,28.8333220084414,30.4838060178318
"451",510,"LVA",2018,22.636,29.366,0.034,3.075,2.465,0,0.115,44.889,0,31.052,0.733898417025856,1.701,0.149,0.74,7.412,29.9839212709191,34.4290234350211
"452",511,"LVA",2019,21.366,30.706,0.034,3.03,2.388,0,0.121,44.864,0,30.906,0.733438202093154,1.701,0.133,0.748,6.312,30.1600775230508,34.2255475370745
"453",512,"LVA",2020,21.54,31.844,0.033,2.995,2.37,0,0.124,43.588,0,30.944,0.733447516263524,1.308,0.116,0.739,8.098,29.1003118619027,34.3909103389604
"454",513,"LVA",2021,22.387,31.127,0.027,2.89,2.207,0,0.145,43.569,0,30.524,0.733456846589604,1.308,0.104,0.735,7.513,31.0592678215902,39.4431261744335
"455",514,"LVA",2009,24.419,32.667,0.057,2.502,1.95,0,0.078,40.356,0,28.067,0.795440834503022,2.224,0.16,0.684,17.515,24.0661678418371,26.4109090909091
"456",515,"LVA",1995,21.973,36.92,0,3.379,3.037,0,0,37.728,0,29.715,0.788006054456979,2.224,0.357,0.68,11.3185181388335,12.3502886635402,5.78912863662293
"457",516,"LVA",1996,22.715,35.326,0,3.668,3.241,0,0,38.291,0,29.167,0.791182629590779,2.224,0.345,0.689,20.93,12.6699160275586,5.97524885145482
"458",517,"LVA",1997,23.893,33.661,0,3.751,3.399,0,0,38.695,0,30.251,0.791625764935795,2.224,0.341,0.703,14.9,13.7895454567203,6.5279264456811
"459",518,"LVA",1998,23.981,32.355,0,4.076,3.613,0,0,39.588,0,31.26,0.79284714061003,2.224,0.337,0.702,14.454,14.6632424775719,7.16627546765161
"460",519,"NLD",2003,25.64,36.916,0,5.075,2.157,0.021,0.818,31.899,0.47,34.804,0.691343654281159,2.491,0.017,0.813,3.593,661.750925152705,580.07036070196
"461",520,"NLD",1997,27.315,38.107,0,4.798,1.881,0.563,0.697,29.423,0.357,36.798,0.726776982189946,2.824,0.019,0.81,5.511,562.483569063842,416.812740004518
"462",521,"NLD",2006,27.236,35.963,0,4.668,1.59,-0.003,0.859,31.75,0.383,36.047,0.689487385818925,2.491,0.017,0.818,5.002,712.564183491074,733.955269898823
"463",522,"NLD",2007,28.27,34.882,0,4.69,1.579,0.014,0.85,31.719,0.438,35.685,0.684814073371285,2.491,0.017,0.826,4.153,739.44810799338,848.558887541179
"464",523,"NLD",2004,24.858,37.125,0,5.263,2.236,0.024,0.821,32.336,0.417,34.809,0.693380667060541,2.491,0.017,0.813,4.646,674.886321780345,658.380081545175
"465",524,"NLD",2005,27.291,34.502,0,5.483,2.251,0.031,0.886,32.211,0.513,35.013,0.687443303456664,2.491,0.017,0.813,5.873,688.727404110835,685.348181515953
"466",525,"NLD",2021,31.613,33.026,0,4.136,2.285,0,0.732,30.929,0.296,39.185,0.612974994053081,1.852,0.022,0.81,4.21,857.602880650928,1029.67833832944
"467",526,"NLD",1998,26.869,38.03,0,4.984,1.917,0.51,0.784,29.778,0.339,36.254,0.737498712679468,2.824,0.019,0.799,4.394,588.717336764449,438.008220395468
"468",527,"NLD",2008,27.26,37.019,0,4.253,1.584,0.009,0.772,31.066,0.402,35.946,0.674360109048063,2.491,0.017,0.826,3.654,755.496534043895,951.869997864062
"469",528,"NLD",1996,28.057,37.934,0,4.526,1.858,0.503,0.688,29.099,0.384,37.345,0.725372337773194,2.824,0.019,0.814,6.421,539.143748273904,450.490196078431
"470",529,"NLD",2001,27.135,35.734,0,5.05,1.94,0.053,0.762,31.473,0.608,35.612,0.705976583178234,2.491,0.019,0.808,2.119,659.290074379866,431.586852369686
"471",530,"NLD",2002,27.619,35.204,0,5.281,2.018,0.028,0.966,31.282,0.614,35.014,0.692476856923481,2.491,0.023,0.804,2.554,660.722537625617,473.861980070981
"472",536,"NLD",2018,29.56,35.981,0,4.043,2.454,0,0.576,30.147,0.269,38.799,0.624147153075347,2.203,0.019,0.831,3.831,824.133764145055,914.043438179607
"473",537,"NLD",1995,27.308,39.537,0,4.209,1.863,0.547,0.629,28.546,0.4,37.248,0.735526577223439,2.824,0.019,0.814,7.158,520.918165020581,452.301674444139
"474",538,"NLD",2020,30.7,34.113,0,4.251,2.483,0,0.653,30.456,0.48,39.999,0.612970567207277,1.717,0.022,0.814,3.819,807.59759178977,909.793466661481
"475",539,"NLD",2009,28.166,36.113,0,3.97,1.868,0.011,0.83,31.297,0.454,34.939,0.681685901431312,2.491,0.017,0.826,4.347,727.793352989741,871.518638049218
"476",540,"NLD",2010,27.897,36.3,0,3.848,1.861,0.01,0.755,31.532,0.422,35.656,0.677307342861802,2.491,0.017,0.827,4.989,737.565720627788,847.380859016668
"477",541,"NLD",2000,25.929,38.677,0,5.273,1.855,0.494,0.889,29.655,0.466,36.907,0.714978008773393,2.491,0.019,0.808,2.725,644.297559542718,417.479337444707
"478",542,"NLD",2011,26.866,38.381,0,3.432,1.923,0.005,0.666,30.898,0.424,35.443,0.664272622741862,2.491,0.017,0.828,4.977,749.006761258435,905.270626332687
"479",543,"NLD",2012,25.334,40.816,0,3.039,1.958,0.001,0.595,30.551,0.261,35.587,0.669854114934019,2.491,0.017,0.823,5.821,741.289340197321,838.923319919531
"480",544,"NLD",2013,24.775,40.829,0,3.39,2.201,0,0.725,30.536,0.471,36.109,0.684753452969094,2.491,0.025,0.823,7.243,740.324364660471,877.172824534512
"481",545,"NLD",2014,25.592,39.638,0,3.861,2.619,0,0.613,30.412,0.496,37.047,0.659070739664784,2.491,0.025,0.83,7.416,750.862107575857,892.167986713722
"482",546,"NLD",2015,27.746,37.763,0,3.825,2.499,0,0.632,30.503,0.163,37.007,0.653838090936496,2.491,0.021,0.83,6.873,765.572770634375,765.572770634375
"483",547,"NLD",2016,27.2,38.194,0,3.957,2.436,0,0.678,30.387,0.262,38.405,0.638242964244636,2.491,0.021,0.83,6.006,782.351934079297,784.06043024008
"484",548,"NLD",2017,30.021,35.675,0,4.021,2.422,0,0.644,29.983,0.3,38.701,0.650403047345996,2.491,0.021,0.831,4.839,805.125436190089,833.86964168706
"485",549,"NLD",2019,31.012,34.237,0,3.815,2.313,0,0.557,30.691,0.244,39.264,0.612966118008616,1.717,0.019,0.824,3.38,840.250428566882,910.194347568626
"486",550,"NLD",1999,26.03,38.525,0,5.112,1.831,0.5,0.828,29.86,0.473,37.158,0.722132504856908,2.824,0.019,0.817,3.623,618.353650975274,447.049523049808
"487",551,"NOR",1995,35.705,23.888,0,2.861,0.736,1.512,0.257,37.541,0.004,39.367,0.737878952587039,3.475,0.006,0.854,6.307,254.491515965692,152.029612324788
"488",552,"NOR",1996,36.914,23.418,0,2.847,0.732,1.483,0.248,36.817,0.004,39.292,0.738415140694087,3.475,0.006,0.854,5.036,267.287258447866,163.520109150671
"489",553,"NOR",1998,37.26,23.525,0,2.404,0.561,1.18,0.246,36.804,0.007,41.194,0.737948926604417,3.475,0.006,0.85,3.737,288.922351968585,154.230295158447
"490",554,"NOR",1999,37.639,23.699,0,2.474,0.509,1.198,0.195,36.061,0.127,41.509,0.738172792884484,3.475,0.006,0.85,3.247,294.90895938824,162.38370602113
"491",555,"NOR",1997,38.483,22.741,0,2.708,0.621,1.43,0.226,36.064,0.005,40.093,0.738924919218675,3.475,0.006,0.853,4.687,281.41233853467,161.356631888484
"492",556,"NOR",2014,42.565,25.677,0,2.976,0.791,1.402,0.154,28.782,0,38.491,0.709326813849657,3.475,0.006,0.858,3.484,381.08153353312,501.736471832848
"493",557,"NOR",2015,39.768,27.199,0,2.846,0.935,1.181,0.025,30.186,0,38.188,0.704845977175296,3.475,0.006,0.863,4.296,388.15951224553,388.15951224553
"494",558,"NOR",2016,38.039,27.469,0,3.141,1.02,1.391,0.017,31.352,0,38.654,0.702710557045407,3.475,0.006,0.863,4.679,392.680500155007,370.956547619048
"495",559,"NOR",2008,50.605,20.836,0,2.548,0.576,1.313,0.183,26.011,0,41.033,0.744144191632927,3.475,0.006,0.862,2.55,360.167903275809,464.917553191489
"496",560,"NOR",2018,41.762,25.539,0.141,3.127,1.015,1.422,0.005,29.431,0,39.118,0.716244846831614,3.475,0.009,0.85,3.8,405.690275911956,439.7886258838
"497",561,"NOR",2019,40.908,26.393,0.141,3.243,1.032,1.486,0.003,29.315,0,39.718,0.723354015915163,3.475,0.009,0.852,3.687,410.249333471117,408.742840909091
"498",562,"NOR",2020,36.335,28.448,0.154,3.418,1.106,1.461,0.005,31.646,0,38.714,0.722976225490726,3.475,0.009,0.856,4.422,405.005642244497,367.633418886627
"499",563,"NOR",2017,39.101,26.593,0.148,3.28,1.065,1.484,0.007,30.878,0,38.456,0.705967324378548,3.475,0.009,0.862,4.162,402.355151389893,401.745275035261
"500",564,"NOR",2012,48.428,22.567,0,2.685,0.654,1.291,0.154,26.32,0,41.144,0.704094123063442,3.475,0.006,0.87,3.123,369.67651131549,512.777309840997
"501",565,"NOR",2009,45.968,23.324,0,2.734,0.651,1.331,0.243,27.975,0,40.921,0.739637301557195,3.475,0.006,0.865,3.103,353.179332437739,387.976400617019
"502",566,"NOR",2010,47.284,22.431,0,2.635,0.656,1.218,0.219,27.65,0,41.581,0.741723833288574,3.475,0.006,0.871,3.521,355.959036891599,431.052143940438
"503",567,"NOR",2021,49.006,22.494,0.124,2.958,0.871,1.351,0.003,25.418,0,42.449,0.722976225490726,3.475,0.009,0.86,4.369,420.836044228583,503.367986030268
"504",568,"NOR",2003,43.971,23.089,0,2.483,0.477,1.295,0.227,30.457,0,41.471,0.740570665809969,3.475,0.006,0.859,4.221,318.258551203885,229.385469337024
"505",569,"NOR",2000,45.254,21.047,0,2.297,0.434,1.227,0.203,31.403,0,41.613,0.741571651612162,3.475,0.006,0.858,3.458,304.696827529193,171.457201935968
"506",570,"NOR",2001,45.283,21.627,0,2.29,0.42,1.221,0.203,30.8,0,41.814,0.739449495590634,3.475,0.006,0.858,3.738,310.995308463367,174.239354070977
"507",571,"NOR",2002,43.865,22.925,0,2.381,0.437,1.272,0.189,30.828,0,42.137,0.739492426408788,3.475,0.006,0.859,4.022,315.279446109331,195.914852576467
"508",572,"NOR",2007,48.057,20.711,0,2.694,0.564,1.307,0.261,28.537,0,41.831,0.743320873613129,3.475,0.006,0.862,2.493,358.440508422031,402.643260487572
"509",573,"NOR",2004,46.586,21.705,0,2.526,0.468,1.318,0.22,29.182,0,42.197,0.741459063625143,3.475,0.006,0.859,4.256,331.035320863904,265.268662473297
"510",574,"NOR",2005,49.292,20.45,0,2.535,0.511,1.264,0.209,27.724,0,42.399,0.74263154644234,3.475,0.006,0.861,4.381,339.924026041128,309.978579743888
"511",575,"NOR",2006,50.207,19.913,0,2.478,0.516,1.223,0.218,27.402,0,42.544,0.744048054476025,3.475,0.006,0.862,3.399,348.291164617133,346.915160681708
"512",576,"NOR",2011,48.855,22.107,0,2.542,0.646,1.173,0.15,26.496,0,41.664,0.733761038047419,3.475,0.006,0.87,3.215,359.894719437842,501.360549669404
"513",577,"NOR",2013,45.644,23.916,0,2.847,0.726,1.339,0.184,27.594,0,39.571,0.713837899848158,3.475,0.006,0.856,3.423,373.433130102304,526.014468085106
"514",605,"POL",2011,19.974,34.968,0.839,4.032,3.511,0,0.056,40.057,0.13,32.067,0.849318141158648,2.64,0.111,0.829,9.632,429.806605650617,524.374183218309
"515",606,"POL",2000,20.431,39.175,0.662,4.302,3.416,0,0.07,35.311,0.119,32.872,0.841546804731166,2.44,0.11,0.806,16.314,280.975991510811,172.220451786957
"516",607,"POL",1998,28.61,32.596,0.62,3.891,3.114,0,0.055,34.138,0.145,35.268,0.840083124208917,2.44,0.11,0.801,9.935,256.767475792546,174.685791563561
"517",608,"POL",2002,18.649,38.849,0.598,4.933,4.336,0,0.074,36.892,0.08,32.969,0.843301713931055,2.44,0.11,0.809,21.21,290.304549675023,199.0704486949
"518",609,"POL",1999,20.637,39.021,0.495,4.136,3.194,0,0.062,35.584,0.127,34.956,0.839740888908011,2.44,0.11,0.806,12.29,268.71972410134,170.030662134734
"519",610,"POL",2004,18.543,37.848,0.755,4.663,4.06,0,0.075,38.115,0.076,31.935,0.847237755555,2.44,0.11,0.809,19.074,315.432020161825,255.107252158631
"520",611,"POL",2005,19.445,36.841,0.782,4.509,3.895,0,0.074,38.332,0.091,32.965,0.846804043667873,2.44,0.109,0.811,17.746,326.493699429633,306.14594482493
"521",612,"POL",2006,20.785,35.688,0.744,4.301,3.631,0,0.071,38.354,0.128,33.632,0.848537516088754,2.44,0.107,0.8,13.841,346.511473670248,344.626667414292
"522",613,"POL",2007,22.805,34.061,0.749,4.162,3.286,0,0.08,38.096,0.127,34.634,0.84999301167997,2.44,0.107,0.8,9.602,370.980501392758,429.020755432721
"523",614,"POL",2008,23.261,32.713,0.823,4.159,3.42,0,0.078,38.888,0.156,34.281,0.851188691276462,2.44,0.11,0.825,7.118,386.561612946014,533.599779515715
"524",615,"POL",2009,21.58,35.325,0.88,4.283,3.696,0,0.073,37.781,0.151,31.368,0.847257678770319,2.44,0.11,0.825,8.167,397.509749303621,439.731589139212
"525",616,"POL",2010,20.083,34.424,0.821,4.207,3.618,0,0.064,40.335,0.131,31.6,0.848228350127812,2.64,0.112,0.827,9.637,409.175222178008,475.696613935595
"526",617,"POL",1995,29.847,30.314,0.658,3.462,2.836,0,0.035,35.514,0.204,36.577,0.839302922885196,2.44,0.11,0.811,13.695,217.229871335721,142.293781028568
"527",618,"POL",1996,28.445,31.081,0.581,3.578,2.868,0,0.041,36.089,0.226,36.555,0.839168091489881,2.44,0.11,0.805,12.684,230.514657116328,160.193242090427
"528",619,"POL",1997,28.203,31.921,0.616,3.74,3,0,0.046,35.272,0.248,36.059,0.839174818082171,2.44,0.11,0.795,10.964,245.380554450192,159.358178533659
"529",620,"POL",2013,19.612,38.364,0.757,4.378,3.929,0,0.048,36.694,0.194,32.395,0.84852941921514,2.64,0.113,0.821,10.326,440.186496882876,515.761954074157
"530",621,"POL",2014,19.818,37.906,0.737,4.372,3.904,0,0.048,36.965,0.203,32.272,0.850062467590817,2.64,0.121,0.809,8.99,457.076270062343,539.080475073719
"531",622,"POL",2003,18.161,38.823,0.652,4.682,4.124,0,0.065,37.603,0.078,32.443,0.844726866578185,2.44,0.11,0.809,19.37,300.460538532962,217.828661056935
"532",623,"POL",2015,20.046,38.265,0.69,4.218,3.802,0,0.042,36.669,0.111,32.474,0.855552239800545,2.64,0.088,0.786,7.501,477.111287969227,477.111287969227
"533",624,"POL",2016,19.98,37.99,0.671,4.119,3.654,0,0.045,37.092,0.148,33.556,0.847948977218863,2.64,0.088,0.613,6.161,491.202812044038,470.024559642469
"534",625,"POL",2017,20.251,37.549,0.661,3.992,3.503,0,0.043,37.402,0.145,34.239,0.847388451607031,2.167,0.09,0.552,4.888,516.450722907547,524.641206566631
"535",626,"POL",2018,21.055,37.242,0.633,3.735,3.263,0,0.04,37.189,0.145,35.061,0.848467811555935,2.167,0.102,0.531,3.846,547.154795065659,588.779850758053
"536",627,"POL",2019,21.432,37.553,0.736,3.601,3.13,0,0.04,36.538,0.139,35.178,0.848597907206994,2.342,0.102,0.524,3.277,571.503117124287,596.058473058766
"537",628,"POL",2020,21.154,37.946,0.924,3.644,3.182,0,0.038,36.213,0.119,35.56,0.848415526842899,1.982,0.117,0.458,3.162,559.958349913782,599.442783598064
"538",629,"POL",2021,21.671,35.337,1.505,3.491,2.906,0,0.044,37.863,0.133,36.698,0.849060428200772,1.982,0.132,0.425,3.363,598.791351638148,681.346136411701
"539",630,"POL",2001,18.316,40.854,0.583,5.081,4.412,0,0.085,35.075,0.092,32.829,0.841569640730995,2.44,0.11,0.807,18.373,284.512269531768,190.905493539168
"540",631,"POL",2012,20.392,37.29,0.822,4.164,3.728,0,0.056,37.193,0.139,32.378,0.84873068669873,2.64,0.113,0.827,10.088,436.448070035814,495.230523665901
"541",632,"PRT",2020,27.703,29.702,0,4.096,2.315,0,0,37.87,0.63,35.164,0.760490307258053,2.069,0.133,0.813,6.796,203.905155102504,229.031860520777
"542",633,"PRT",2010,26.741,28.35,0,3.719,2.039,0,0.004,40.774,0.416,30.366,0.742401856882239,2.151,0.098,0.845,10.771,207.976694614767,238.113003233284
"543",634,"PRT",2011,28.256,27.615,0,3.402,2.135,0,0,40.342,0.385,32.228,0.760321335265004,2.213,0.098,0.837,12.682,204.449067168824,245.117990242248
"544",635,"PRT",2021,26.56,29.545,0,4.312,2.132,0,0,39.024,0.559,35.312,0.760998923080763,1.6,0.144,0.813,6.577,215.604085361884,255.534839405899
"545",636,"PRT",2013,32.228,26.141,0,3.307,2.312,0,0.003,37.911,0.413,33.968,0.773909898931052,2.213,0.099,0.836,16.188,194.344164093789,226.433858005714
"546",637,"PRT",2014,30.857,26.332,0,3.599,2.452,0,0,38.687,0.525,34.182,0.764677379697929,2.213,0.099,0.836,13.897,195.883739714001,229.901964221884
"547",638,"PRT",2015,30.365,26.19,0,3.734,2.485,0,0,39.156,0.554,34.382,0.760311544765813,2.213,0.098,0.834,12.447,199.39406652544,199.39406652544
"548",639,"PRT",2016,28.798,26.635,0,3.764,2.377,0,0,40.179,0.624,34.051,0.758511234752689,2.213,0.113,0.836,11.068,203.420800578641,206.426152308931
"549",640,"PRT",2017,28.238,26.863,0,3.974,2.327,0,0,40.497,0.428,34.112,0.765075419782207,2.213,0.103,0.855,8.869,210.553436228057,221.35787471893
"550",641,"PRT",2018,28.286,26.905,0,4.169,2.311,0,0,40.062,0.578,34.656,0.762509084265162,2.213,0.108,0.856,6.994,216.552789892193,242.313116577967
"551",642,"PRT",2019,27.397,27.857,0,4.162,2.297,0,0,40.152,0.431,34.498,0.760703672854859,2.213,0.11,0.827,6.464,222.36238134762,239.986922638902
"552",643,"PRT",2007,27.817,25.597,0,4.169,1.804,0,0.017,42.04,0.377,31.846,0.744379394646245,2.151,0.098,0.843,7.966,210.341031080276,240.496147317381
"553",644,"PRT",1996,27.949,25.26,0,2.927,1.119,0,0.212,43.752,0.113,29.862,0.739428761592706,2.151,0.1,0.82,7.298,163.850456044527,122.63008968027
"554",645,"PRT",2008,28.281,26.38,0,3.865,1.939,0,0.015,41.075,0.399,31.739,0.744301163638198,2.151,0.098,0.842,7.553,211.012540457556,263.416394624084
"555",646,"PRT",2009,27.893,28.721,0,3.767,2.04,0,0.001,39.173,0.445,29.796,0.741379157569412,2.151,0.098,0.843,9.432,204.424561357608,244.667762835543
"556",647,"PRT",2002,27.258,26.454,0,3.657,1.362,0,0.237,42.128,0.503,31.139,0.74262179081245,2.151,0.096,0.831,4.497,198.677933649212,134.795565549419
"557",648,"PRT",1998,27.329,25.628,0,3.339,1.218,0,0.252,43.533,0.171,30.058,0.741597506838261,2.151,0.096,0.82,4.64,179.285861799304,123.946327916296
"558",649,"PRT",2000,29.444,25.609,0,3.697,1.279,0,0.259,41.01,0.24,30.92,0.741746170755519,2.151,0.096,0.822,3.806,193.398953419572,118.605192877388
"559",650,"PRT",2001,28.181,26.639,0,3.48,1.286,0,0.218,41.447,0.253,30.707,0.744339633888004,2.151,0.096,0.826,6.8,197.157995297652,121.604107164997
"560",651,"PRT",2006,25.619,25.826,0,3.882,1.73,0,0.044,44.26,0.413,31.412,0.744465271581348,2.151,0.098,0.843,7.649,205.197590054868,208.756449275848
"561",652,"PRT",2003,25.112,27.419,0,3.68,1.578,0,0.239,43.511,0.278,30.108,0.741485407578523,2.151,0.096,0.831,6.132,196.829193371541,165.226175536793
"562",653,"PRT",2004,26.094,26.89,0,3.543,1.698,0,0.058,43.169,0.304,30.224,0.744395654990555,2.151,0.096,0.831,6.319,200.349947385126,189.382122532169
"563",654,"PRT",2005,25.074,26.552,0,3.769,1.687,0,0.052,44.256,0.349,30.943,0.743471648900794,2.151,0.096,0.841,7.582,201.916379874368,197.253876704921
"564",655,"PRT",1999,28.071,25.202,0,3.75,1.239,0,0.255,42.784,0.192,30.837,0.742538888377851,2.151,0.096,0.821,4.579,186.289802829511,127.470385557184
"565",656,"PRT",1995,26.419,26.282,0,3.176,1.193,0,0.219,44.076,0.047,29.184,0.740311509177502,2.151,0.107,0.812,7.064,158.303123479596,118.122007430012
"566",657,"PRT",1997,28.251,25.909,0,2.955,1.106,0,0.234,42.767,0.118,29.799,0.740788013551267,2.151,0.096,0.82,6.571,171.061297929066,117.01653516295
"567",658,"PRT",2012,27.056,27.435,0,3.737,2.149,0,0,41.357,0.415,31.667,0.76742374270674,2.213,0.096,0.843,15.531,196.15396823559,216.224240577957
"568",659,"SWE",1996,39.125,28.618,2.342,3.628,2.625,0.562,0.149,26.179,0.108,46.781,0.720802131707018,3.177,0.004,0.883,9.547,310.667391570025,291.743811512079
"569",660,"SWE",2011,35.036,23.141,9.93,2.335,1.763,0,0,29.445,0.112,41.962,0.740323181096528,2.424,0.004,0.89,7.804,468.113753183843,574.094112972733
"570",661,"SWE",2012,34.36,23.822,10.168,2.382,1.823,0,0,29.153,0.114,42.125,0.739645960209771,2.284,0.004,0.894,7.976,465.359818585788,552.483727282802
"571",662,"SWE",1999,40.431,23.919,7.201,3.531,2.136,0.787,0.197,24.828,0.09,48.23,0.736867514457856,2.426,0.004,0.88,7.607,348.19945723141,274.072182416731
"572",663,"SWE",2000,42.723,25.479,4.159,3.311,1.933,0.683,0.212,24.205,0.123,50.03,0.736316883045674,2.426,0.004,0.88,5.466,364.795858131684,262.835454366855
"573",664,"SWE",2001,38.805,28.03,4.334,3.114,1.799,0.55,0.218,25.556,0.162,47.123,0.740240529385062,2.426,0.004,0.88,4.73,370.083569053714,242.395852494409
"574",665,"SWE",2002,36.28,28.892,4.65,3.186,2.008,0.336,0.254,26.852,0.141,45.127,0.742794536070164,2.426,0.004,0.882,4.965,378.214012929902,266.849061835659
"575",666,"SWE",2003,37.337,27.881,4.856,3.136,1.949,0.398,0.202,26.708,0.082,45.526,0.743795292879781,2.426,0.004,0.885,5.555,386.950040254662,334.337212322076
"576",667,"SWE",2004,38.898,27.079,4.671,3.129,1.873,0.41,0.196,26.119,0.103,45.944,0.745510599022282,2.426,0.004,0.885,6.693,403.731506887751,385.118044877465
"577",668,"SWE",2005,40.336,26.251,4.503,2.893,1.813,0.36,0.079,25.92,0.097,47.305,0.746350071446045,2.426,0.004,0.885,7.486,415.273396287166,392.218088878779
"578",669,"SWE",2006,39.621,25.478,5.507,2.93,1.746,0.429,0.008,26.379,0.084,45.908,0.746353223531855,2.426,0.004,0.888,7.066,434.636654376703,423.093437423762
"579",670,"SWE",2007,38.92,26.053,5.585,2.429,1.737,0,0.002,26.894,0.119,44.912,0.748777316882297,2.426,0.004,0.892,6.161,449.584772840507,491.252589217021
"580",671,"SWE",1995,39.268,27.646,2.072,2.707,1.776,0.417,0.162,28.14,0.167,45.063,0.732044717917972,3.177,0.004,0.883,8.897,305.83683213149,267.305875261099
"581",672,"SWE",2008,36.38,24.847,8.306,2.299,1.591,0,0.001,28.061,0.107,43.967,0.748196159272084,2.426,0.004,0.892,6.235,447.559127029566,517.706149201196
"582",673,"SWE",2009,35.404,24.472,8.397,2.343,1.731,0,0,29.248,0.136,43.697,0.739185792626188,2.289,0.004,0.892,8.351,428.135998219291,436.537014293554
"583",674,"SWE",1997,39.353,28.026,3.106,3.79,2.778,0.559,0.184,25.625,0.1,47.66,0.73119415748647,3.177,0.004,0.883,10.359,320.206516443849,268.14614467773
"584",675,"SWE",1998,38.956,27.497,4.573,3.583,2.416,0.587,0.195,25.265,0.126,47.709,0.728644916246566,3.177,0.004,0.882,8.941,334.013297425391,270.809066780714
"585",676,"SWE",2015,36.204,22.291,10.688,2.414,1.786,0,0,28.328,0.075,42.629,0.742419927544574,1.577,0.006,0.89,7.432,505.103781349757,505.103781349757
"586",677,"SWE",2016,36.252,22.545,10.45,2.376,1.718,0,0,28.267,0.111,44.092,0.741671810496769,1.577,0.006,0.889,6.99,515.562425649407,515.654671469547
"587",678,"SWE",2017,36.527,21.728,11.435,2.23,1.612,0,0,27.97,0.111,44.093,0.74148906849689,1.577,0.006,0.888,6.718,528.801679620708,541.018749769097
"588",679,"SWE",2018,36.008,21.922,11.594,2.169,1.572,0,0,28.216,0.091,43.774,0.74108946137892,1.577,0.006,0.885,6.365,539.113433181757,555.455371487089
"589",680,"SWE",2019,35.698,21.4,12.429,2.185,1.59,0,0,28.211,0.077,42.833,0.740457819953065,1.577,0.007,0.875,6.833,549.821281946735,533.879529188454
"590",681,"SWE",2020,35.938,21.299,11.968,2.24,1.617,0,0,28.444,0.111,42.436,0.735618170722489,1.577,0.006,0.873,8.291,537.888988025757,547.054174235876
"591",682,"SWE",2021,36.856,20.927,11.994,2.23,1.542,0,0,27.881,0.112,42.665,0.739754871987316,1.577,0.006,0.871,8.722,570.953156693631,639.714956069468
"592",683,"SWE",2010,35.679,25.105,7.017,2.383,1.723,0,0.001,29.724,0.093,42.877,0.743405614314497,2.424,0.004,0.892,8.61,453.619110971171,495.81255884331
"593",684,"SWE",2013,34.853,23.186,10.597,2.535,1.945,0,0,28.718,0.111,42.5,0.74163571271896,1.577,0.004,0.896,8.052,470.887249502535,586.841821796891
"594",685,"SWE",2014,35.222,23.078,10.535,2.49,1.9,0,0,28.594,0.081,42.178,0.743831953554945,1.577,0.004,0.893,7.954,483.402482698498,581.964017237095
"595",686,"USA",1995,45.532,25.167,0,11.301,9.987,0,0.988,18,0,26.55,0.798557816904406,1.137,0.058,0.813,5.65,11135.927079,7639.749
"596",691,"USA",2020,46.136,24.504,0.062,12.218,11.226,0,0.466,17.081,0,25.734,0.826333477296174,0.84,0.084,0.721,8.055,19377.380521,21060.473613
"597",692,"USA",1997,48.19,23.988,0,10.944,9.482,0,1.144,16.879,0,27.484,0.808512054939143,1.137,0.058,0.812,5,12069.954414,8577.554457
"598",693,"USA",1998,48.803,23.873,0,10.781,9.147,0,1.283,16.543,0,27.867,0.811888332378487,1.137,0.058,0.812,4.511,12610.856679,9062.818202
"599",695,"USA",1996,47.151,24.443,0,11.125,9.726,0,1.058,17.282,0,27.044,0.802048544155639,1.137,0.058,0.813,5.451,11556.037222,8073.122
"600",696,"USA",2001,48.314,24.541,0,10.875,9.291,0,1.237,16.27,0,27.261,0.805687895077114,1.137,0.058,0.764,4.731,13885.56306,10581.929774
"601",697,"USA",2002,43.773,26.475,0,12.228,10.581,0,1.195,17.523,0,25.011,0.80479126884245,1.137,0.058,0.767,5.783,14121.054284,10929.112955
"602",698,"USA",1999,49.158,23.735,0,10.743,9.025,0,1.364,16.364,0,27.932,0.81079937357714,1.137,0.058,0.811,4.219,13215.484082,9631.174489
"603",699,"USA",2000,50.124,23.551,0,10.327,8.78,0,1.229,15.997,0,28.295,0.810720471533841,1.137,0.058,0.81,3.992,13754.300444,10250.947997
"604",700,"USA",2005,46.208,24.433,0,12.141,10.322,0,0.894,17.218,0,26.097,0.809830610250316,1.137,0.058,0.796,5.084,15600.241891,13039.199193
"605",701,"USA",2021,48.964,22.874,0.052,11.554,10.448,0,0.562,16.555,0,26.498,0.826333477296174,0.841,0.084,0.735,5.349,20529.459727,23315.08056
"606",702,"USA",2003,42.796,26.684,0,12.642,10.942,0,1.011,17.878,0,24.484,0.807339564218779,1.137,0.058,0.8,5.989,14515.908489,11456.442041
"607",703,"USA",2004,43.25,26.247,0,12.571,10.78,0,1.003,17.932,0,24.762,0.809646679042544,1.137,0.058,0.8,5.529,15075.141499,12217.193198
"608",704,"USA",2009,40.269,27.205,0.009,14.451,13.253,0,0.76,18.067,0,22.911,0.827671855460466,1.137,0.057,0.855,9.254,15950.948713,14478.064934
"609",705,"USA",2010,42.327,26.084,0.065,13.46,12.47,0,0.56,18.064,0,23.371,0.833599644505398,1.09,0.057,0.853,9.633,16383.037055,15048.964444
"610",706,"USA",2011,46.194,22.855,0.048,12.674,11.85,0,0.397,18.23,0,23.761,0.838198179143689,1.09,0.057,0.845,8.949,16636.956919,15599.728123
"611",707,"USA",2012,46.859,22.646,0.044,12.367,11.43,0,0.495,18.084,0,23.916,0.841881557790373,1.09,0.056,0.844,8.069,17016.393933,16253.97223
"612",708,"USA",2013,46.983,24.002,0.037,11.725,10.643,0,0.61,17.253,0,25.481,0.843458515028289,1.09,0.056,0.851,7.375,17329.814706,16843.190993
"613",709,"USA",2014,47.763,23.706,0.036,11.457,10.456,0,0.523,17.039,0,25.883,0.842517966101582,1.09,0.056,0.848,6.168,17726.282036,17550.680174
"614",710,"USA",2015,48.485,23.577,0.037,11.306,10.273,0,0.536,16.594,0,26.22,0.840870991876642,1.09,0.056,0.85,5.28,18206.020741,18206.020741
"615",711,"USA",2016,47.815,23.836,0.039,11.613,10.576,0,0.525,16.697,0,25.876,0.838649502280333,0.967,0.07,0.832,4.869,18509.601053,18695.110842
"616",712,"USA",2017,44.733,23.21,0.038,15.853,10.328,0,0.546,16.166,0,26.66,0.828083960532524,0.993,0.103,0.738,4.355,18924.571726,19477.336549
"617",713,"USA",2018,45.755,24.474,0.042,11.9,10.834,0,0.549,17.829,0,24.991,0.826671904149464,0.958,0.099,0.729,3.896,19481.973191,20533.057312
"618",714,"USA",2019,45.972,24.426,0.042,11.833,10.925,0,0.4,17.727,0,25.128,0.826319844710412,0.898,0.09,0.722,3.669,19928.975197,21380.976119
"619",715,"USA",2006,47.821,23.604,0,11.853,10.142,0,0.894,16.722,0,26.775,0.811049649286048,1.137,0.058,0.803,4.623,16034.36708,13815.586948
"620",716,"USA",2007,48.214,23.454,0.007,11.969,10.435,0,0.825,16.355,0,26.728,0.815573243560436,1.137,0.058,0.842,4.622,16356.739241,14474.226905
"621",717,"USA",2008,46.127,24.559,0.007,12.444,10.975,0,0.89,16.863,0,25.643,0.824359217966872,1.137,0.058,0.847,5.784,16376.725286,14769.857911
